CREATE TABLE THONGTINLAPTOP
(	
	MALAPTOP VARCHAR(20) NOT NULL,
	TENLAPTOP VARCHAR(50),
	HANG VARCHAR(20),
	GIABAN BIGINT,
	SERIES VARCHAR(20),
	MAU VARCHAR(20),
	CPU	VARCHAR(50),
	VGA VARCHAR(50), 
	RAM CHAR(10),
	KICHTHUOCMANHINH VARCHAR(10),
	OCUNG VARCHAR(10),
	BANPHIM VARCHAR(10),
	PIN VARCHAR(50),
	KHOILUONG VARCHAR(10),
	LINKHINH1 VARCHAR(255),
	LINKHINH2 VARCHAR(255),
	LINKHINH3 VARCHAR(255),
	LINKHINH4 VARCHAR(255),
	LINKHINH5 VARCHAR(255)
);

CREATE TABLE HANGSX (
	TENHANG VARCHAR(20) NOT NULL PRIMARY KEY,
	QUOCGIA VARCHAR(50),
	POSTER VARCHAR(100),
	LOGOVUONG VARCHAR(100),
	LOGONGANG VARCHAR(100),
	SLOGAN VARCHAR(100)
);


CREATE TABLE GIOHANG (
	MAGIOHANG	VARCHAR(10) NOT NULL PRIMARY KEY,
	MAKH	INT NOT NULL,
	NGAYXUATGIOHANG VARCHAR(50),
	TRIGIA BIGINT
);


CREATE TABLE CTGH
(	
	MAGIOHANG VARCHAR(10) NOT NULL,
	MALAPTOP VARCHAR(20) NOT NULL,
	SOLUONG	INT
);



CREATE TABLE KHOHANG (
	MALAPTOP VARCHAR(20) NOT NULL PRIMARY KEY,
	SLNHAP	INT,
	SLXUAT INT,
	TONKHO INT
);



CREATE TABLE TK (
	ID INT NOT NULL AUTO_INCREMENT PRIMARY KEY,
	HOTEN VARCHAR(50) NOT NULL,
	USERNAME VARCHAR(50) NOT NULL,
	PASSWORD VARCHAR(50) NOT NULL,
	DIACHI VARCHAR(50) NOT NULL,
	EMAIL VARCHAR(50) NOT NULL,
	OTP BIGINT NULL
);

CREATE TABLE PHANQUYEN (
	ID INT NOT NULL AUTO_INCREMENT PRIMARY KEY,
    QUYEN VARCHAR(10) NOT NULL
);
---------------------------------------------START SET KEY------------------------------------------------------
-- SET PRIMARY KEY
ALTER TABLE THONGTINLAPTOP ADD CONSTRAINT MALAPTOP_PK PRIMARY KEY (MALAPTOP);
ALTER TABLE GIOHANG ADD CONSTRAINT GIOHANG_PK PRIMARY KEY (MAGIOHANG);
ALTER TABLE HANGSX ADD CONSTRAINT TENHANG_PK PRIMARY KEY (TENHANG);
-- SET FOREIGN KEY
ALTER TABLE THONGTINLAPTOP ADD CONSTRAINT id5_FKKH FOREIGN KEY (HANG) REFERENCES HANGSX(TENHANG);
ALTER TABLE GIOHANG ADD CONSTRAINT id3_FKKH FOREIGN KEY (MAKH) REFERENCES TK(ID);
ALTER TABLE CTGH ADD CONSTRAINT id1_FKKH FOREIGN KEY (MAGIOHANG) REFERENCES GIOHANG(MAGIOHANG);
ALTER TABLE CTGH ADD CONSTRAINT id2_FKKH FOREIGN KEY (MALAPTOP) REFERENCES THONGTINLAPTOP(MALAPTOP);
ALTER TABLE KHOHANG ADD CONSTRAINT id4_FKKH FOREIGN KEY (MALAPTOP) REFERENCES THONGTINLAPTOP(MALAPTOP);
ALTER TABLE PHANQUYEN ADD CONSTRAINT id_FKKH FOREIGN KEY (ID) REFERENCES TK(ID);


INSERT INTO TK VALUES (1, 'LeQuocThinh', 'quocthinh', '123', 'Binh Duong', 'thinhquocle524@gmail.com', null);
INSERT INTO TK VALUES (2, 'LeCongDanh', 'congdanh', '456', 'Binh Duong', 'thinhquocle523@gmail.com', null);
INSERT INTO PHANQUYEN VALUES (NULL, 'ADMIN');
INSERT INTO PHANQUYEN VALUES (NULL, 'CUSTOMER');


GO
---------------------------------------------END SET KEY------------------------------------------------------
-- HÃNG S?N XU?T
INSERT INTO HANGSX VALUES ('DELL', 'HOA KỲ', 'IMAGE/POSTER/DELL/DELL.PNG',  'IMAGE/LOGO-LAP/DELL.PNG',  'IMAGE/LOGO-LAPTOP/DELL.PNG','DON’T GO THERE. GO DELL.');
INSERT INTO HANGSX VALUES ('MSI', 'ĐÀI LOAN', 'IMAGE/POSTER/MSI/MSI.PNG',  'IMAGE/LOGO-LAP/MSI.PNG',  'IMAGE/LOGO-LAPTOP/MSI.PNG','TRUE GAMING. SOME ARE PC, WE ARE GAMING');
INSERT INTO HANGSX VALUES ('ASUS', 'ĐÀI LOAN', 'IMAGE/POSTER/ASUS/ASUS.PNG',  'IMAGE/LOGO-LAP/ASUS.PNG',  'IMAGE/LOGO-LAPTOP/ASUS.PNG','ROCK SOLID. HEART TOUCHING');
INSERT INTO HANGSX VALUES ('ACER', 'ĐÀI LOAN', 'IMAGE/POSTER/ACER/ACER.PNG',  'IMAGE/LOGO-LAP/ACER.PNG',  'IMAGE/LOGO-LAPTOP/ACER.PNG','EXPLORE BEYOND LIMITS');
INSERT INTO HANGSX VALUES ('GIGABYTE', 'ĐÀI LOAN', 'IMAGE/POSTER/GIGABYTE/GIGABYTE.PNG',  'IMAGE/LOGO-LAP/GIGABYTE.PNG',  'IMAGE/LOGO-LAPTOP/GIGABYTE.PNG','LEADER IN MOTHERBOARD INNOVATION');
INSERT INTO HANGSX VALUES ('MICROSOFT', 'HOA KỲ', 'IMAGE/POSTER/MICROSOFT/MICROSOFT.PNG',  'IMAGE/LOGO-LAP/MICROSOFT.PNG',  'IMAGE/LOGO-LAPTOP/MICROSOFT.PNG','YOUR POTENTIAL, OUR PASSION.');
INSERT INTO HANGSX VALUES ('HP', 'MỸ', 'IMAGE/POSTER/HP/HP.PNG',  'IMAGE/LOGO-LAP/HP.PNG',  'IMAGE/LOGO-LAPTOP/HP.PNG','MAKE IT BETTER');

-- THEM THONG TIN LAPTOP
-- --ASUS
INSERT INTO THONGTINLAPTOP VALUES ('UX363EA- HP130T', 'LAPTOP ASUS ZENBOOK', 'ASUS', 27490000, 'ZENBOOK', 'XÁM', 'INTEL CORE I5 1135G7', 'INTEL IRIS XE GRAPHICS', '8GB', '13.3"', '512GB SSD', 'LED', '4 CELL 67 WH', '1.3 KG',  'IMAGE/ASUSS/ASUSS/UNNAMED.PNG',  'IMAGE/ASUSS/ASUSS/UNNAMED1.PNG',  'IMAGE/ASUSS/ASUSS/UNNAMED2.PNG',  'IMAGE/ASUSS/ASUSS/UNNAME3D.PNG',  'IMAGE/ASUSS/ASUSS/UNNAM4ED.PNG');

INSERT INTO THONGTINLAPTOP VALUES ('FX506LH-HN002T', 'LAPTOP ASUS TUF GAMING', 'ASUS', 20990000, 'GAMING', 'XÁM', 'INTEL CORE I5 10300H', 'NVIDIA GEFORCE GTX 1650 4GB', '8GB', '15.6"', '512GB SSD', 'RGB', '3 CELL 48 WH', '2.3 KG',  'IMAGE/ASUSS/ASUSS (2)/UNNAMED.PNG',  'IMAGE/ASUSS/ASUSS (2)/UNNAMED (1).PNG',  'IMAGE/ASUSS/ASUSS (2)/UNNAMED (2).PNG',  'IMAGE/ASUSS/ASUSS (2)/UNNAMED (3).PNG',  'IMAGE/ASUSS/ASUSS (2)/UNNAMED (4).PNG');

INSERT INTO THONGTINLAPTOP VALUES ('G533QR-HQ098T', 'LAPTOP ASUS ROG STRIX SCAR', 'ASUS', 20990000, 'ROG', 'ĐEN', 'AMD RYZEN 9 5900HX', 'NVIDIA GEFORCE RTX 3070 8GB', '16GB', '15.6"', '1TB SSD', 'RGB', '4 CELL 90 WH', '2.3 KG',  'IMAGE/ASUSS/ASUSS (3)/UNNAMED.PNG',  'IMAGE/ASUSS/ASUSS (3)/UNNAMED (1).PNG',  'IMAGE/ASUSS/ASUSS (3)/UNNAMED (2).PNG',  'IMAGE/ASUSS/ASUSS (3)/UNNAMED (3).PNG',  'IMAGE/ASUSS/ASUSS (3)/UNNAMED (4).PNG');

INSERT INTO THONGTINLAPTOP VALUES ('S533EA-BN293T', 'LAPTOP ASUS VIVOBOOK', 'ASUS', 20090000, 'VIVOBOOK', 'ĐEN', 'INTEL CORE I5 1135G7', 'INTEL IRIS XE GRAPHICS', '8GB', '15.6"', '512GB SSD', 'LED', '3 CELL 50 WH', '1.6 KG',  'IMAGE/ASUSS/ASUSS (4)/UNNAMED (5).PNG',  'IMAGE/ASUSS/ASUSS (4)/UNNAMED (6).PNG',  'IMAGE/ASUSS/ASUSS (4)/UNNAMED (7).PNG',  'IMAGE/ASUSS/ASUSS (4)/UNNAMED (8).PNG',  'IMAGE/ASUSS/ASUSS (4)/UNNAMED (9).PNG');

INSERT INTO THONGTINLAPTOP VALUES ('S533EQ-BN338T', 'LAPTOP ASUS VIVOBOOK', 'ASUS', 22490000, 'VIVOBOOK', 'ĐEN', 'INTEL CORE I5 1135G7', 'NVIDIA GEFORCE MX350 2GB', '8GB', '15.6"', '512GB SSD', 'LED', '3 CELL 50 WH', '1.6 KG',  'IMAGE/ASUSS/ASUSS (5)/UNNAMED (5).PNG',  'IMAGE/ASUSS/ASUSS (5)/UNNAMED (6).PNG',  'IMAGE/ASUSS/ASUSS (5)/UNNAMED (7).PNG',  'IMAGE/ASUSS/ASUSS (5)/UNNAMED (8).PNG',  'IMAGE/ASUSS/ASUSS (5)/UNNAMED (9).PNG');

INSERT INTO THONGTINLAPTOP VALUES ('FX706HC-HX003T', 'LAPTOP ASUS TUF GAMING', 'ASUS', 26990000, 'GAMING', 'XÁM', 'INTEL CORE I5 11400H', 'NVIDIA GEFORCE RTX 3050 4GB', '8GB', '17.3"', '512GB SSD', 'RGB', '3 CELL 48 WH', '2.6 KG',  'IMAGE/ASUSS/ASUSS (6)/UNNAMED (10).PNG',  'IMAGE/ASUSS/ASUSS (6)/UNNAMED (11).PNG',  'IMAGE/ASUSS/ASUSS (6)/UNNAMED (12).PNG',  'IMAGE/ASUSS/ASUSS (6)/UNNAMED (13).PNG',  'IMAGE/ASUSS/ASUSS (6)/UNNAMED (14).PNG');

INSERT INTO THONGTINLAPTOP VALUES ('S433EA-AM885T', 'LAPTOP ASUS', 'ASUS', 23590000, 'GAMING', 'ĐEN', 'INTEL CORE I7 1165G7', 'INTEL IRIS XE GRAPHICS', '16GB', '14"', '512GB SSD', 'LED', '3 CELL 50 WH', '1.4 KG',  'IMAGE/ASUSS/ASUSS (7)/UNNAMED (15).PNG',  'IMAGE/ASUSS/ASUSS (7)/UNNAMED (16).PNG',  'IMAGE/ASUSS/ASUSS (7)/UNNAMED (17).PNG',  'IMAGE/ASUSS/ASUSS (7)/UNNAMED (18).PNG',  'IMAGE/ASUSS/ASUSS (7)/UNNAMED (19).PNG');

INSERT INTO THONGTINLAPTOP VALUES ('90NB0TY2-M16620', 'LAPTOP ASUS', 'ASUS', 13990000, 'GAMING', 'BẠC', 'INTEL CORE I3 1115G4', 'INTEL UHD GRAPHICS', '4GB', '15.6"', '512GB SSD', N'THƯỜNG', '2 CELL 37 WH', '1.8 KG',  'IMAGE/ASUSS/ASUSS (8)/UNNAMED (20).PNG',  'IMAGE/ASUSS/ASUSS (8)/UNNAMED (221).PNG',  'IMAGE/ASUSS/ASUSS (8)/UNNAMED (2).PNG',  'IMAGE/ASUSS/ASUSS (8)/UNNAMED (23).PNG',  'IMAGE/ASUSS/ASUSS (8)/UNNAMED (24).PNG');

INSERT INTO THONGTINLAPTOP VALUES ('90NR05R7-M02570', 'LAPTOP ASUS ROG ZEPHYRUS G14 ALAN WALKER EDITION', 'ASUS', 48990000, 'ROG', 'XÁM', 'AMD RYZEN 9 5900HS', 'NVIDIA GEFORCE RTX 3050TI 4GB', '16GB', '14"', '1TB SSD', 'LED', '4 CELL 76 WH', '1.7 KG',  'IMAGE/ASUSS/ASUSS (9)/UNNAMED (25).PNG',  'IMAGE/ASUSS/ASUSS (9)/UNNAMED (26).PNG',  'IMAGE/ASUSS/ASUSS (9)/UNNAMED (27).PNG',  'IMAGE/ASUSS/ASUSS (9)/UNNAMED (28).PNG',  'IMAGE/ASUSS/ASUSS (9)/UNNAMED (29).PNG');

INSERT INTO THONGTINLAPTOP VALUES ('90NR05R6-M01500', 'LAPTOP ASUS ROG ZEPHYRUS G14', 'ASUS', 39990000, 'ROG', 'XÁM', 'AMD RYZEN 9 5900HS', 'NVIDIA GEFORCE RTX 3050TI 4GB', '16GB', '14"', '1TB SSD', 'LED', '4 CELL 76 WH', '1.7 KG',  'IMAGE/ASUSS/ASUSS (10)/UNNAMED.PNG',  'IMAGE/ASUSS/ASUSS (10)/UNNAMED (1).PNG',  'IMAGE/ASUSS/ASUSS (10)/UNNAMED (2).PNG',  'IMAGE/ASUSS/ASUSS (10)/UNNAMED (3).PNG',  'IMAGE/ASUSS/ASUSS (10)/UNNAMED (4).PNG');

INSERT INTO THONGTINLAPTOP VALUES ('90NR04G1-M00900', 'LAPTOP ASUS ROG FLOW X13', 'ASUS', 36990000, 'ROG', 'ĐEN', 'AMD RYZEN 9 5900HX', 'NVIDIA GEFORCE RTX 3050 4GB', '8GB', '13.4"', '512GB SSD', 'LED', '4 CELL 62 WH', '1.3 KG',  'IMAGE/ASUSS/ASUSS (11)/UNNAMED (10).PNG',  'IMAGE/ASUSS/ASUSS (11)/UNNAMED (11).PNG',  'IMAGE/ASUSS/ASUSS (11)/UNNAMED (12).PNG',  'IMAGE/ASUSS/ASUSS (11)/UNNAMED (13).PNG',  'IMAGE/ASUSS/ASUSS (11)/UNNAMED (14).PNG');

INSERT INTO THONGTINLAPTOP VALUES ('90NR0723-M04140', 'LAPTOP ASUS TUF GAMING', 'ASUS', 24690000, 'GAMING', 'XÁM', 'INTEL CORE I5 11400H', 'NVIDIA GEFORCE RTX 3050 4GB', '8GB', '15.6"', '512GB SSD', 'RGB', '3 CELL 48 WH', '2.3 KG',  'IMAGE/ASUSS/ASUSS (12)/UNNAMED (5).PNG',  'IMAGE/ASUSS/ASUSS (12)/UNNAMED (1).PNG',  'IMAGE/ASUSS/ASUSS (12)/UNNAMED (2).PNG',  'IMAGE/ASUSS/ASUSS (12)/UNNAMED (3).PNG',  'IMAGE/ASUSS/ASUSS (12)/UNNAMED (4).PNG');

INSERT INTO THONGTINLAPTOP VALUES ('90NB0SJ2-M06470', 'LAPTOP ASUS', 'ASUS', 18990000, 'VIVOBOOK', 'BẠC', 'INTEL CORE I5 1135G7', 'NVIDIA GEFORCE MX330 2GB', '8GB', '15.6"', '512GB SSD', N'THƯỜNG', '3 CELL 42 WH', '1.8 KG',  'IMAGE/ASUSS/ASUSS (13)/UNNAMED (5).PNG',  'IMAGE/ASUSS/ASUSS (13)/UNNAMED (1).PNG',  'IMAGE/ASUSS/ASUSS (13)/UNNAMED (2).PNG',  'IMAGE/ASUSS/ASUSS (13)/UNNAMED (3).PNG',  'IMAGE/ASUSS/ASUSS (13)/UNNAMED (4).PNG');

INSERT INTO THONGTINLAPTOP VALUES ('90NB0TP2-M03220', 'LAPTOP ASUS', 'ASUS', 18490000, 'GAMING', 'BẠC', 'AMD RYZEN 5 5500U', 'AMD RADEON GRAPHICS', '4GB', '15.6"', '512GB SSD', N'THƯỜNG', '3 CELL 42 WH', '1.8 KG',  'IMAGE/ASUSS/ASUSS (14)/UNNAMED.PNG',  'IMAGE/ASUSS/ASUSS (14)/UNNAMED (1).PNG',  'IMAGE/ASUSS/ASUSS (14)/UNNAMED (2).PNG',  'IMAGE/ASUSS/ASUSS (14)/UNNAMED (3).PNG',  'IMAGE/ASUSS/ASUSS (14)/UNNAMED (4).PNG');

INSERT INTO THONGTINLAPTOP VALUES ('90NR07P2-M00390', 'LAPTOP ASUS', 'ASUS', 23190000, 'ROG', 'XÁM', 'AMD RYZEN 7 4800H', 'NVIDIA GEFORCE GTX 1650 4GB', '8GB', '15.6"', '512GB SSD', 'LED', '4 CELL 56 WH', '2.1 KG',  'IMAGE/ASUSS/ASUSS (15)/UNNAMED (5).PNG',  'IMAGE/ASUSS/ASUSS (15)/UNNAMED (1).PNG',  'IMAGE/ASUSS/ASUSS (15)/UNNAMED (2).PNG',  'IMAGE/ASUSS/ASUSS (15)/UNNAMED (3).PNG',  'IMAGE/ASUSS/ASUSS (15)/UNNAMED (4).PNG');

INSERT INTO THONGTINLAPTOP VALUES ('90NB0TP2-M03450', 'LAPTOP ASUS', 'ASUS', 19990000, 'VIVOBOOK', 'BẠC', 'AMD RYZEN 7 5700U', 'AMD RADEON GRAPHICS', '4GB', '15.6"', '512GB SSD', N'THƯỜNG', '3 CELL 42 WH', '1.8 KG',  'IMAGE/ASUSS/ASUSS (16)/UNNAMED (5).PNG',  'IMAGE/ASUSS/ASUSS (16)/UNNAMED (1).PNG',  'IMAGE/ASUSS/ASUSS (16)/UNNAMED (2).PNG',  'IMAGE/ASUSS/ASUSS (16)/UNNAMED (3).PNG',  'IMAGE/ASUSS/ASUSS (16)/UNNAMED (4).PNG');

INSERT INTO THONGTINLAPTOP VALUES ('90NR06F1-M00290', 'LAPTOP ASUS ROG ZEPHYRUS', 'ASUS', 98990000, 'ROG', 'ĐEN', 'INTEL CORE I9 11900H', 'NVIDIA GEFORCE RTX 3080 16GB', '16GB', '17.3"', '2TB SSD', 'RGB', '4 CELL 90 WH', '2.6 KG',  'IMAGE/ASUSS/ASUSS (17)/UNNAMED (5).PNG',  'IMAGE/ASUSS/ASUSS (17)/UNNAMED (1).PNG',  'IMAGE/ASUSS/ASUSS (17)/UNNAMED (2).PNG',  'IMAGE/ASUSS/ASUSS (17)/UNNAMED (3).PNG',  'IMAGE/ASUSS/ASUSS (17)/UNNAMED (4).PNG');

INSERT INTO THONGTINLAPTOP VALUES ('90NB0SJ2-M08000', 'LAPTOP ASUS', 'ASUS', 23690000, 'VIVOBOOK', 'BẠC', 'INTEL CORE I7 1165G7', 'NVIDIA GEFORCE MX330 2GB', '8GB', '15.6"', '512GB SSD', N'THƯỜNG', '3 CELL 42 WH', '1.8 KG',  'IMAGE/ASUSS/ASUSS (18)/UNNAMED.PNG',  'IMAGE/ASUSS/ASUSS (18)/UNNAMED1.PNG',  'IMAGE/ASUSS/ASUSS (18)/UNNAMED2.PNG',  'IMAGE/ASUSS/ASUSS (18)/UNNAME3D.PNG',  'IMAGE/ASUSS/ASUSS (18)/UNNAM4ED.PNG');

INSERT INTO THONGTINLAPTOP VALUES ('90NB0RZ2-M12520', 'LAPTOP ASUS', 'ASUS', 39990000, 'ZENBOOK', 'ĐEN', 'INTEL CORE I7 1165G7', 'INTEL IRIS XE GRAPHICS', '16GB', '13.3"', '512GB SSD', 'THƯỜNG', '4 CELL 67 WH', '1.2 KG',  'IMAGE/ASUSS/ASUSS (19)/UNNAMED.PNG',  'IMAGE/ASUSS/ASUSS (19)/UNNAMED (1).PNG',  'IMAGE/ASUSS/ASUSS (19)/UNNAMED (2).PNG',  'IMAGE/ASUSS/ASUSS (19)/UNNAMED (3).PNG',  'IMAGE/ASUSS/ASUSS (19)/UNNAMED (4).PNG');

INSERT INTO THONGTINLAPTOP VALUES ('90NB0VZ2-M00650', 'LAPTOP ASUS VIVOBOOK PRO', 'ASUS', 22990000, 'VIVOBOOK', 'XANH', 'AMD RYZEN 7 5800H', 'AMD RADEON GRAPHICS', '8GB', '14"', '512GB SSD', 'LED', '3 CELL 63 WH', '1.4 KG',  'IMAGE/ASUSS/ASUSS (20)/UNNAMED.PNG',  'IMAGE/ASUSS/ASUSS (20)/UNNAMED (1).PNG',  'IMAGE/ASUSS/ASUSS (20)/UNNAMED (2).PNG',  'IMAGE/ASUSS/ASUSS (20)/UNNAMED (3).PNG',  'IMAGE/ASUSS/ASUSS (20)/UNNAMED (4).PNG');

INSERT INTO THONGTINLAPTOP VALUES ('90NB0SG1-M17490', 'LAPTOP ASUS', 'ASUS', 19990000, 'VIVOBOOK', 'ĐEN', 'INTEL CORE I5 1135G7', 'INTEL IRIS XE GRAPHICS', '8GB', '15.6"', '512GB SSD', N'THƯỜNG', '3 CELL 42 WH', '1.8 KG',  'IMAGE/ASUSS/ASUSS (21)/UNNAMED (5).PNG',  'IMAGE/ASUSS/ASUSS (21)/UNNAMED (1).PNG',  'IMAGE/ASUSS/ASUSS (21)/UNNAMED (2).PNG',  'IMAGE/ASUSS/ASUSS (21)/UNNAMED (3).PNG',  'IMAGE/ASUSS/ASUSS (21)/UNNAMED (4).PNG');

INSERT INTO THONGTINLAPTOP VALUES ('90NB0S41-M05030', 'LAPTOP ASUS', 'ASUS', 31990000, 'ZENBOOK', 'XANH', 'INTEL CORE I5 1135G7', 'INTEL IRIS XE GRAPHICS', '8GB', '14"', '512GB SSD', N'THƯỜNG', '4 CELL 70 WH', '1.63 KG',  'IMAGE/ASUSS/ASUSS (22)/UNNAMED (5).PNG',  'IMAGE/ASUSS/ASUSS (22)/UNNAMED (1).PNG',  'IMAGE/ASUSS/ASUSS (22)/UNNAMED (2).PNG',  'IMAGE/ASUSS/ASUSS (22)/UNNAMED (3).PNG',  'IMAGE/ASUSS/ASUSS (22)/UNNAMED (4).PNG');

INSERT INTO THONGTINLAPTOP VALUES ('90NB0S41-M05040', 'LAPTOP ASUS', 'ASUS', 38990000, 'ZENBOOK', 'XANH', 'INTEL CORE I7 1165G7', 'INTEL IRIS XE GRAPHICS', '16GB', '14"', '512GB SSD', N'THƯỜNG', '4 CELL 70 WH', '1.63 KG',  'IMAGE/ASUSS/ASUSS (23)/UNNAMED.PNG',  'IMAGE/ASUSS/ASUSS (23)/UNNAMED (1).PNG',  'IMAGE/ASUSS/ASUSS (23)/UNNAMED (2).PNG',  'IMAGE/ASUSS/ASUSS (23)/UNNAMED (3).PNG',  'IMAGE/ASUSS/ASUSS (23)/UNNAMED (4).PNG');

INSERT INTO THONGTINLAPTOP VALUES ('M3500QC-L1105T', 'LAPTOP ASUS VIVOBOOK PRO', 'ASUS', 25990000, 'VIVOBOOK', 'XANH', 'AMD RYZEN 5 5600H', 'NVIDIA GEFORCE RTX 3050 4GB', '8GB', '15.6"', '512GB SSD', 'THƯỜNG', '3 CELL 63 WH', '1.63 KG',  'IMAGE/ASUSS/ASUSS (24)/UNNAMED.PNG',  'IMAGE/ASUSS/ASUSS (24)/UNNAMED (1).PNG',  'IMAGE/ASUSS/ASUSS (24)/UNNAMED (2).PNG',  'IMAGE/ASUSS/ASUSS (24)/UNNAMED (3).PNG',  'IMAGE/ASUSS/ASUSS (24)/UNNAMED (4).PNG');

INSERT INTO THONGTINLAPTOP VALUES ('M3500QC-L1085T', 'LAPTOP ASUS VIVOBOOK PRO', 'ASUS', 28990000, 'VIVOBOOK', 'XANH', 'AMD RYZEN 7 5800H', 'NVIDIA GEFORCE RTX 3050 4GB', '8GB', '15.6"', '512GB SSD', 'LED', '3 CELL 63 WH', '1.63 KG',  'IMAGE/ASUSS/ASUSS (25)/UNNAMED (15).PNG',  'IMAGE/ASUSS/ASUSS (25)/UNNAMED (16).PNG',  'IMAGE/ASUSS/ASUSS (25)/UNNAMED (17).PNG',  'IMAGE/ASUSS/ASUSS (25)/UNNAMED (18).PNG',  'IMAGE/ASUSS/ASUSS (25)/UNNAMED (19).PNG');

INSERT INTO THONGTINLAPTOP VALUES ('90NB0TZ2-M03840T', 'LAPTOP ASUS', 'ASUS', 18490000, 'VIVOBOOK', 'BẠC', 'INTEL CORE I5 1135G7', 'NVIDIA GEFORCE MX330 2GB', '8GB', '13.3"', '512GB SSD', 'LED', '4 CELL 67 WH', '1.3 KG',  'IMAGE/ASUSS/ASUSS (26)/UNNAMED (5).PNG',  'IMAGE/ASUSS/ASUSS (26)/UNNAMED (6).PNG',  'IMAGE/ASUSS/ASUSS (26)/UNNAMED (7).PNG',  'IMAGE/ASUSS/ASUSS (26)/UNNAMED (8).PNG',  'IMAGE/ASUSS/ASUSS (26)/UNNAMED (9).PNG');

INSERT INTO THONGTINLAPTOP VALUES ('90NB0SG1-M30830', 'LAPTOP ASUS', 'ASUS', 19490000, 'VIVOBOOK', 'ĐEN', 'INTEL CORE I5 1135G7', 'INTEL IRIS XE GRAPHICS', '8GB', '13.3"', '512GB SSD', 'LED', '4 CELL 67 WH', '1.3 KG',  'IMAGE/ASUSS/ASUSS (27)/UNNAMED (6).PNG',  'IMAGE/ASUSS/ASUSS (27)/UNNAMED (7).PNG',  'IMAGE/ASUSS/ASUSS (27)/UNNAMED (7).PNG',  'IMAGE/ASUSS/ASUSS (27)/UNNAMED (9).PNG',  'IMAGE/ASUSS/ASUSS (27)/UNNAMED (10).PNG');

INSERT INTO THONGTINLAPTOP VALUES ('90NR05X1-M06730', 'LAPTOP ASUS', 'ASUS', 31990000, 'TUF', 'XÁM', 'INTEL CORE I7 11370H', 'NVIDIA GEFORCE RTX 3060 6GBS', '8GB', '15.6"', '512GB SSD', 'LED', '4 CELL 76 WH', '2 KG',  'IMAGE/ASUSS/ASUSS (28)/UNNAMED.PNG',  'IMAGE/ASUSS/ASUSS (28)/UNNAMED1.PNG',  'IMAGE/ASUSS/ASUSS (28)/UNNAMED2.PNG',  'IMAGE/ASUSS/ASUSS (28)/UNNAME3D.PNG',  'IMAGE/ASUSS/ASUSS (28)/UNNAM4ED.PNG');

INSERT INTO THONGTINLAPTOP VALUES ('UX363EA-HP726W', 'LAPTOP ASUS', 'ASUS', 26990000, 'ZENBOOK', 'XÁM', 'INTEL CORE I5 1135G7', 'INTEL IRIS XE GRAPHICS', '8GB', '13.3"', '512GB SSD', 'LED', '4 CELL 67 WH', '1.3 KG',  'IMAGE/ASUSS/ASUSS (29)/UNNAMED (10).PNG',  'IMAGE/ASUSS/ASUSS (29)/UNNAMED (11).PNG',  'IMAGE/ASUSS/ASUSS (29)/UNNAMED (12).PNG',  'IMAGE/ASUSS/ASUSS (29)/UNNAMED (13).PNG',  'IMAGE/ASUSS/ASUSS (29)/UNNAMED (14).PNG');

INSERT INTO THONGTINLAPTOP VALUES ('90NR0723-M07890', 'LAPTOP ASUS', 'ASUS', 24690000, 'ZENBOOK', 'XÁM', 'INTEL CORE I5 11400H', 'NVIDIA GEFORCE RTX 3050 4GB', '8GB', '13.3"', '512GB SSD', 'RGB', 'NVIDIA GEFORCE RTX 3050 4GB', '2.3 KG',  'IMAGE/ASUSS/ASUSS (30)/UNNAMED.PNG',  'IMAGE/ASUSS/ASUSS (30)/UNNAMED1.PNG',  'IMAGE/ASUSS/ASUSS (30)/UNNAMED2.PNG',  'IMAGE/ASUS/ASU (30)S/UNNAME3D.PNG',  'IMAGE/ASUSS/ASUSS (30)/UNNAM4ED.PNG');

INSERT INTO THONGTINLAPTOP VALUES ('90NB0SL1-M001N0', 'LAPTOP ASUS', 'ASUS', 28990000, 'ZENBOOK', 'XÁM', 'INTEL CORE I7 1165G7', 'INTEL IRIS XE GRAPHICS', '16GB', '13.3"', '512GB SSD', 'LED', '4 CELL 67 WH', '1.3 KG',  'IMAGE/ASUSS/ASUSS (31)/UNNAMED.PNG',  'IMAGE/ASUSS/ASUSS (31)/UNNAMED (1).PNG',  'IMAGE/ASUSS/ASUSS (31)/UNNAMED (2).PNG',  'IMAGE/ASUSS/ASUSS (31)/UNNAMED (3).PNG',  'IMAGE/ASUSS/ASUSS (31)/UNNAMED (4).PNG');

INSERT INTO THONGTINLAPTOP VALUES ('90NB0RZ2-M17940', 'LAPTOP ASUS', 'ASUS', 39990000, 'ZENBOOK', 'XÁM', 'INTEL CORE I7 1165G7', 'INTEL IRIS XE GRAPHICS', '16GB', '13.3"', '512GB SSD', 'LED', '4 CELL 67 WH', '1.3 KG',  'IMAGE/ASUSS/ASUSS (32)/UNNAMED (10).PNG',  'IMAGE/ASUSS/ASUSS (32)/UNNAMED (11).PNG',  'IMAGE/ASUSS/ASUSS (32)/UNNAMED (12).PNG',  'IMAGE/ASUSS/ASUSS (32)/UNNAMED (13).PNG',  'IMAGE/ASUSS/ASUSS (32)/UNNAMED (14).PNG');

INSERT INTO THONGTINLAPTOP VALUES ('90NB0RZ1-M13140', 'LAPTOP ASUS ZENBOOK', 'ASUS', 27490000, 'ZENBOOK', 'XÁM', 'INTEL CORE I5 1135G7', 'INTEL IRIS XE GRAPHICS', '8GB', '13.3"', '512GB SSD', 'LED', '4 CELL 67 WH', '1.3 KG',  'IMAGE/ASUSS/ASUSS (33)/UNNAMED (10).PNG',  'IMAGE/ASUSS/ASUSS (33)/UNNAMED (11).PNG',  'IMAGE/ASUSS/ASUSS (33)/UNNAMED (12).PNG',  'IMAGE/ASUSS/ASUSS (33)/UNNAMED (13).PNG',  'IMAGE/ASUSS/ASUSS (33)/UNNAMED (14).PNG');

INSERT INTO THONGTINLAPTOP VALUES ('90NX03R1-M05350', 'LAPTOP ASUS', 'ASUS', 24990000, 'GAMING', 'ĐEN', 'INTEL CORE I5 1135G7', 'INTEL IRIS XE GRAPHICS', '8GB', '14"', '512GB SSD', 'LED', '4 CELL 67 WH', '1.3 KG',  'IMAGE/ASUSS/ASUSS (34)/UNNAMED (15).PNG',  'IMAGE/ASUSS/ASUSS (34)/UNNAMED (11).PNG',  'IMAGE/ASUSS/ASUSS (34)/UNNAMED (12).PNG',  'IMAGE/ASUSS/ASUSS (34)/UNNAMED (13).PNG',  'IMAGE/ASUSS/ASUSS (34)/UNNAMED (14).PNG');

INSERT INTO THONGTINLAPTOP VALUES ('90NX0SX1-M09760', 'LAPTOP ASUS', 'ASUS', 29990000, 'GAMING', 'ĐEN', 'INTEL CORE I5 1135G7', 'INTEL IRIS XE GRAPHICS', '8GB', '14"', '512GB SSD', 'LED', '4 CELL 67 WH', '1.3 KG',  'IMAGE/ASUSS/ASUSS (35)/UNNAMED (15).PNG',  'IMAGE/ASUSS/ASUSS (35)/UNNAMED (11).PNG',  'IMAGE/ASUSS/ASUSS (35)/UNNAMED (12).PNG',  'IMAGE/ASUSS/ASUSS (35)/UNNAMED (13).PNG',  'IMAGE/ASUSS/ASUSS (35)/UNNAMED (14).PNG');

INSERT INTO THONGTINLAPTOP VALUES ('UX363EA- HP130T-I5', 'LAPTOP ASUS', 'ASUS', 19790000, 'VIVOBOOK', 'XÁM', 'INTEL CORE I5 1135G7', 'INTEL IRIS XE GRAPHICS', '8GB', '13.3"', '512GB SSD', N'THƯỜNG', '3CELL 42 WH', '1.8 KG',  'IMAGE/ASUSS/ASUSS (36)/UNNAMED.PNG',  'IMAGE/ASUSS/ASUSS (36)/UNNAMED (1).PNG',  'IMAGE/ASUSS/ASUSS (36)/UNNAMED (2).PNG',  'IMAGE/ASUSS/ASUSS (36)/UNNAMED (3).PNG',  'IMAGE/ASUSS/ASUSS (36)/UNNAMED (4).PNG');

INSERT INTO THONGTINLAPTOP VALUES ('90NB0R41-M13130', 'LAPTOP ASUS', 'ASUS', 8490000, 'VIVOBOOK', 'XÁM', 'INTEL CELERON N4020', 'INTEL UHD GRAPHICS 600', '4GB', '11.6"', '512GB SSD', N'THƯỜNG', '2 CELL 38 WH', '1 KG',  'IMAGE/ASUSS/ASUSS (37)/UNNAMED.PNG',  'IMAGE/ASUSS/ASUSS (37)/UNNAMED (16).PNG',  'IMAGE/ASUSS/ASUSS (37)/UNNAMED (17).PNG',  'IMAGE/ASUSS/ASUSS (37)/UNNAMED (18).PNG',  'IMAGE/ASUSS/ASUSS (37)/UNNAMED (19).PNG');

INSERT INTO THONGTINLAPTOP VALUES ('90NB0TT1-M15210', 'LAPTOP ASUS', 'ASUS', 13490000, 'GAMING', 'BẠC', 'INTEL CORE I3 1115G4', 'INTEL UHD GRAPHICS', '4GB', '14"', '256GB SSD', N'THƯỜNG ', 'THƯỜNG ', '1.6 KG',  'IMAGE/ASUSS/ASUSS (38)/UNNAMED (15).PNG',  'IMAGE/ASUSS/ASUSS (38)/UNNAMED (16).PNG',  'IMAGE/ASUSS/ASUSS (38)/UNNAMED (17).PNG',  'IMAGE/ASUSS/ASUSS (38)/UNNAMED (18).PNG',  'IMAGE/ASUSS/ASUSS (38)/UNNAMED (19).PNG');

INSERT INTO THONGTINLAPTOP VALUES ('90NB0SG2-M39200', 'LAPTOP ASUS', 'ASUS', 15990000, 'GAMING', 'BẠC', 'INTEL CORE I3 1115G4', 'INTEL UHD GRAPHICS', '4GB', '15.6"', '512GB SSD', 'LED', 'INTEL UHD GRAPHICS', '1.8 KG',  'IMAGE/ASUSS/ASUSS (39)/UNNAMED (5).PNG',  'IMAGE/ASUSS/ASUSS (39)/UNNAMED (1).PNG',  'IMAGE/ASUSS/ASUSS (39)/UNNAMED (2).PNG',  'IMAGE/ASUSS/ASUSS (39)/UNNAMED (3).PNG',  'IMAGE/ASUSS/ASUSS (39)/UNNAMED (4).PNG');

INSERT INTO THONGTINLAPTOP VALUES ('90NB0SG2-M34100', 'LAPTOP ASUS', 'ASUS', 15990000, 'GAMING', 'BẠC', 'INTEL CORE I3 1115G4', 'INTEL UHD GRAPHICS', '4GB', '15.6"', '512GB SSD', 'LED', 'INTEL UHD GRAPHICS', '1.8 KG',  'IMAGE/ASUSS/ASUSS (40)/UNNAMED (5).PNG',  'IMAGE/ASUSS/ASUSS (40)/UNNAMED (1).PNG',  'IMAGE/ASUSS/ASUSS (40)/UNNAMED (2).PNG',  'IMAGE/ASUSS/ASUSS (40)/UNNAMED (3).PNG',  'IMAGE/ASUSS/ASUSS (40)/UNNAMED (4).PNG');
-- GIGA

INSERT INTO THONGTINLAPTOP VALUES ('KD-72S1223GH', 'LAPTOP GIGABYTE AORUS', 'GIGABYTE', 45090000, 'AORUS', 'XÁM', 'INTEL CORE I7 11800H', 'NVIDIA GEFORCE RTX 3060 6GB', '8GB', '15.6"', '512GB SSD', 'RGB', '99 WH', '2.2 KG',  'IMAGE/GIGA/GIGA/UNNAMED (5).PNG',  'IMAGE/GIGA/GIGA/UNNAMED (6).PNG',  'IMAGE/GIGA/GIGA/UNNAMED (7).PNG',  'IMAGE/GIGA/GIGA/UNNAMED (8).PNG',  'IMAGE/GIGA/GIGA/UNNAMED (9).PNG');

INSERT INTO THONGTINLAPTOP VALUES ('51S1123SH', 'LAPTOP GIGABYTE G5', 'GIGABYTE', 29390000, 'GAMING', 'XÁM', 'INTEL CORE I5 11400H', 'NVIDIA GEFORCE RTX 3050TI 4GB', '8GB', '15.6"', '512GB SSD', 'LED', '49 WH', '2.2 KG',  'IMAGE/GIGA/GIGA 1/UNNAMED (5).PNG',  'IMAGE/GIGA/GIGA 1/UNNAMED (6).PNG',  'IMAGE/GIGA/GIGA 1/UNNAMED (7).PNG',  'IMAGE/GIGA/GIGA 1/UNNAMED (8).PNG',  'IMAGE/GIGA/GIGA 1/UNNAMED (9).PNG');

INSERT INTO THONGTINLAPTOP VALUES ('UD-70S1823SO', 'LAPTOP GIGABYTE U4', 'GIGABYTE', 26990000, 'GAMING', 'XÁM',  'INTEL CORE I7 1195G7', 'INTEL IRIS XE', '16GB', '14"', '512GB SSD', 'RGB', '99 WH', '2.2 KG',  'IMAGE/GIGA/GIGA 2/UNNAMED (5).PNG',  'IMAGE/GIGA/GIGA 2/UNNAMED (6).PNG',  'IMAGE/GIGA/GIGA 2/UNNAMED (7).PNG',  'IMAGE/GIGA/GIGA 2/UNNAMED (8).PNG',  'IMAGE/GIGA/GIGA 2/UNNAMED (9).PNG');

INSERT INTO THONGTINLAPTOP VALUES ('51S1121SH', 'LAPTOP GIGABYTE GAMING G5', 'GIGABYTE', 25640000, 'G5 SERIES', 'ĐEN', 'INTEL CORE I5 11400H', 'NVIDIA GEFORCE RTX 3050 4GB', '8GB', '15.6"', '512GB SSD', 'RGB', '99 WH', '2.2 KG',  'IMAGE/GIGA/GIGA 3/UNNAMED (5).PNG',  'IMAGE/GIGA/GIGA 3/UNNAMED (6).PNG',  'IMAGE/GIGA/GIGA 3/UNNAMED (7).PNG',  'IMAGE/GIGA/GIGA 3/UNNAMED (8).PNG',  'IMAGE/GIGA/GIGA 3/UNNAMED (9).PNG');

INSERT INTO THONGTINLAPTOP VALUES ('51S1123SH-G5', 'LAPTOP GIGABYTE GAMING G5', 'GIGABYTE', 25640000, 'G5 SERIES', 'ĐEN', 'INTEL CORE I5 11400H', 'NVIDIA GEFORCE RTX 3050 4GB', '16GB', '15.6"', '512GB SSD', 'RGB', '99 WH', '2.2 KG',  'IMAGE/GIGA/GIGA 4/UNNAMED (5).PNG',  'IMAGE/GIGA/GIGA 4/UNNAMED (6).PNG',  'IMAGE/GIGA/GIGA 4/UNNAMED (7).PNG',  'IMAGE/GIGA/GIGA 4/UNNAMED (8).PNG',  'IMAGE/GIGA/GIGA 4/UNNAMED (9).PNG');

INSERT INTO THONGTINLAPTOP VALUES ('5S11130SH', 'LAPTOP GIGABYTE GAMING G5', 'GIGABYTE', 27990000, 'G5 SERIES', 'XÁM', 'INTEL CORE I5 10500H', 'NVIDIA GEFORCE RTX 3060 6GB', '8GB', '15.6"', '512GB SSD', 'RGB', '99 WH', '2.2 KG',  'IMAGE/GIGA/GIGA 5/UNNAMED (5).PNG',  'IMAGE/GIGA/GIGA 5/UNNAMED (6).PNG',  'IMAGE/GIGA/GIGA 5/UNNAMED (7).PNG',  'IMAGE/GIGA/GIGA 5/UNNAMED (8).PNG',  'IMAGE/GIGA/GIGA 5/UNNAMED (9).PNG');

INSERT INTO THONGTINLAPTOP VALUES ('51S1123SH-I7', 'LAPTOP GIGABYTE G5', 'GIGABYTE', 25490000, 'G5 SERIES', 'XÁM', 'INTEL CORE I7 11800H', 'NVIDIA GEFORCE RTX 3060 6GB', '8GB', '15.6"', '512GB SSD', 'RGB', '99 WH', '2.2 KG',  'IMAGE/GIGA/GIGA 6/UNNAMED (5).PNG',  'IMAGE/GIGA/GIGA 6/UNNAMED (6).PNG',  'IMAGE/GIGA/GIGA 6/UNNAMED (7).PNG',  'IMAGE/GIGA/GIGA 6/UNNAMED (8).PNG',  'IMAGE/GIGA/GIGA 6/UNNAMED (9).PNG');

INSERT INTO THONGTINLAPTOP VALUES ('G5 KC-5S11130SB', 'LAPTOP GIGABYTE G5', 'GIGABYTE', 27990000, 'G5 SERIES', 'ĐEN', 'INTEL CORE I7 11800H', 'NVIDIA GEFORCE RTX 3060 6GB', '8GB', '15.6"', '512GB SSD', 'RGB', '99 WH', '2.2 KG',  'IMAGE/GIGA/GIGA 7/UNNAMED (5).PNG',  'IMAGE/GIGA/GIGA 7/UNNAMED (6).PNG',  'IMAGE/GIGA/GIGA 7/UNNAMED (7).PNG',  'IMAGE/GIGA/GIGA 7/UNNAMED (8).PNG',  'IMAGE/GIGA/GIGA 7/UNNAMED (9).PNG');
-- --DELL 

INSERT INTO THONGTINLAPTOP VALUES ('V4R53500U001W', 'LAPTOP DELL VOSTRO 14 3405', 'DELL', 16190000, 'VOSTRO', 'ĐEN', 'AMD RYZEN 5 3500U', 'AMD RADEON VEGA 8 GRAPHICS', '4GB', '14"', '256GB SSD', N'KHÔNG ĐÈN', N'3 CELL 42 WH PIN LIỀN', '1.7 KG',  'IMAGE/DELL/DELL1/DELL1.PNG',  'IMAGE/DELL/DELL1/DELL2.PNG',  'IMAGE/DELL/DELL1/DELL3.PNG',  'IMAGE/DELL/DELL1/DELL4.PNG',  'IMAGE/DELL/DELL1/DELL5.PNG');

INSERT INTO THONGTINLAPTOP VALUES ('70251603', N'LAPTOP DOANH NGHIỆP DELL LATITUDE 3520', 'DELL', 15390000, 'LATITUDE', 'ĐEN', 'INTEL CORE I3 1115G4', 'INTEL UHD GRAPHICS', '4GB', '15.6"', '256GB SSD', N'KHÔNG ĐÈN', N'3 CELL 41 WH PIN LIỀN', '1.8 KG',  'IMAGE/DELL/DELL2/DELL1.PNG',  'IMAGE/DELL/DELL2/DELL2.PNG',  'IMAGE/DELL/DELL2/DELL3.PNG',  'IMAGE/DELL/DELL2/DELL4.PNG',  'IMAGE/DELL/DELL2/DELL5.PNG');

INSERT INTO THONGTINLAPTOP VALUES ('L3420I5SSD', N'LAPTOP DOANH NGHIỆP DELL LATITUDE 3420', 'DELL', 19990000, 'LATITUDE', 'XÁM', 'INTEL CORE I5 1135G7', 'INTEL IRIS XE GRAPHICS', '8GB', '14"', '256GB SSD', 'LED', N'3 CELL 41 WH PIN LIỀN', '1.5 KG',  'IMAGE/DELL/DELL3/DELL1.PNG',  'IMAGE/DELL/DELL3/DELL2.PNG',  'IMAGE/DELL/DELL3/DELL3.PNG',  'IMAGE/DELL/DELL3/DELL4.PNG',  'IMAGE/DELL/DELL3/DELL5.PNG');

INSERT INTO THONGTINLAPTOP VALUES ('N4I5147W', 'LAPTOP DELL INSPIRON 5410 2-IN-1', 'DELL', 27290000, 'INSPIRON', 'BẠC', 'INTEL CORE I5 1135G7', 'NVIDIA GEFORCE MX350 2GB GDDR5',  '8GB', '14"', '512GB SSD', 'LED', N'3 CELL 41 WH PIN LIỀN', '1.6 KG',  'IMAGE/DELL/DELL4/DELL1.PNG',  'IMAGE/DELL/DELL4/DELL2.PNG',  'IMAGE/DELL/DELL4/DELL3.PNG',  'IMAGE/DELL/DELL4/DELL4.PNG',  'IMAGE/DELL/DELL4/DELL5.PNG');

INSERT INTO THONGTINLAPTOP VALUES ('3400-70253899', 'LAPTOP DELL VOSTRO 3400', 'DELL', 15190000, 'VOSTRO', 'ĐEN', 'INTEL CORE I3 1115G4', 'INTEL UHD GRAPHICS', '8GB', '14"', '256GB SSD', 'LED', N'3 CELL PIN LIỀN', '1.63 KG',  'IMAGE/DELL/DELL5/DELL1.PNG',  'IMAGE/DELL/DELL5/DELL2.PNG',  'IMAGE/DELL/DELL5/DELL3.PNG',  'IMAGE/DELL/DELL5/DELL4.PNG',  'IMAGE/DELL/DELL5/DELL5.PNG');

INSERT INTO THONGTINLAPTOP VALUES ('P112F001BBL', 'LAPTOP DELL INSPIRON 15 3511', 'DELL', 18990000, 'INSPIRON', 'ĐEN', 'INTEL CORE I5 1135G7', 'INTEL IRIS XE GRAPHICS', '4GB', '15.6"', '512GB SSD', N'KHÔNG ĐÈN', N'3 CELL 41 WH PIN LIỀN', '1.7 KG',  'IMAGE/DELL/DELL6/DELL1.PNG',  'IMAGE/DELL/DELL6/DELL2.PNG',  'IMAGE/DELL/DELL6/DELL3.PNG',  'IMAGE/DELL/DELL6/DELL4.PNG',  'IMAGE/DELL/DELL6/DELL5.PNG');

INSERT INTO THONGTINLAPTOP VALUES ('3510-7T2YC1', 'LAPTOP DELL VOSTRO 15 3510', 'DELL', 20390000, 'VOSTRO', 'ĐEN', 'INTEL CORE I5 1135G7', 'INTEL IRIS XE GRAPHICS', '8GB', '15.6"', '512GB SSD', N'KHÔNG ĐÈN', '3 CELL 41 WH', '1.7 KG',  'IMAGE/DELL/DELL7/DELL1.PNG',  'IMAGE/DELL/DELL7/DELL2.PNG',  'IMAGE/DELL/DELL7/DELL3.PNG',  'IMAGE/DELL/DELL7/DELL4.PNG',  'IMAGE/DELL/DELL7/DELL5.PNG');

INSERT INTO THONGTINLAPTOP VALUES ('P109F001BBL', 'LAPTOP DELL ALIENWARE M15 R6', 'DELL', 58990000, 'ALIENWARE', 'ĐEN', 'INTEL CORE I7 11800H', 'NVIDIA GEFORCE RTX 3060 6GB GDDR6', '32GB', '15.6"', '1TB SSD', 'RGB', N'6 CELL 86 WH PIN LIỀN', '2.7 KG',  'IMAGE/DELL/DELL8/DELL1.PNG',  'IMAGE/DELL/DELL8/DELL2.PNG',  'IMAGE/DELL/DELL8/DELL3.PNG',  'IMAGE/DELL/DELL8/DELL4.PNG',  'IMAGE/DELL/DELL8/DELL5.PNG');

INSERT INTO THONGTINLAPTOP VALUES ('5511-P105F006AGR', 'LAPTOP DELL GAMING G15 5511', 'DELL', 32490000, 'GAMING', 'XÁM', 'INTEL CORE I7 11800H', 'NVIDIA GEFORCE RTX 3050 4GB GDDR6', '8GB', '15.6"', '512GB SSD', 'LED', N'3 CELL 56 WH PIN LIỀN', '2.8 KG',  'IMAGE/DELL/DELL9/DELL1.PNG',  'IMAGE/DELL/DELL9/DELL2.PNG',  'IMAGE/DELL/DELL9/DELL3.PNG',  'IMAGE/DELL/DELL9/DELL4.PNG',  'IMAGE/DELL/DELL9/DELL5.PNG');

INSERT INTO THONGTINLAPTOP VALUES ('V4I5214W', 'LAPTOP DELL VOSTRO 5410', 'DELL', 23390000, 'VOSTRO', 'XÁM', 'INTEL CORE I5 11320H', 'INTEL IRIS XE GRAPHICS', '8GB', '14"', '512GB SSD', 'LED', N'4 CELL 54 WH PIN LIỀN', '1.4 KG',  'IMAGE/DELL/DELL10/DELL1.PNG',  'IMAGE/DELL/DELL10/DELL2.PNG',  'IMAGE/DELL/DELL10/DELL3.PNG',  'IMAGE/DELL/DELL10/DELL4.PNG',  'IMAGE/DELL/DELL10/DELL5.PNG');

INSERT INTO THONGTINLAPTOP VALUES ('5515-70266675', 'LAPTOP DELL GAMING G15 5515', 'DELL', 33490000, 'GAMING', 'XÁM', 'AMD RYZEN 7 5800H', 'NVIDIA GEFORCE RTX 3050TI 4GB GDDR6', '16GB', '15.6"', '512GB SSD', 'LED', N'3 CELL PIN LIỀN', '2.8 KG',  'IMAGE/DELL/DELL11/DELL1.PNG',  'IMAGE/DELL/DELL11/DELL2.PNG',  'IMAGE/DELL/DELL11/DELL3.PNG',  'IMAGE/DELL/DELL11/DELL4.PNG',  'IMAGE/DELL/DELL11/DELL5.PNG');

INSERT INTO THONGTINLAPTOP VALUES ('G7500A', 'LAPTOP DELL GAMING G7 7500', 'DELL', 42419000, 'GAMING', 'ĐEN', 'INTEL CORE I7 10750H',  'NVIDIA GEFORCE RTX2060 6G DDR6', '16GB', '15.6"', '512GB SSD', 'LED', N'3 CELL 56 WH PIN LIỀN', '2.8 KG',  'IMAGE/DELL/DELL12/DELL1.PNG',  'IMAGE/DELL/DELL12/DELL2.PNG',  'IMAGE/DELL/DELL12/DELL3.PNG',  'IMAGE/DELL/DELL12/DELL4.PNG',  'IMAGE/DELL/DELL12/DELL5.PNG');

INSERT INTO THONGTINLAPTOP VALUES ('70253901', 'LAPTOP DELL VOSTRO', 'DELL', 22499000, 'VOSTRO', 'XÁM', 'INTEL CORE I5 11300H', 'INTEL IRIS XE GRAPHICS', '8GB', '15.6"', '512GB SSD', N'THƯỜNG', '4 CELL 54WH', '1.63KG',  'IMAGE/DELL/DELL13/DELL1.PNG',  'IMAGE/DELL/DELL13/DELL2.PNG',  'IMAGE/DELL/DELL13/DELL3.PNG',  'IMAGE/DELL/DELL13/DELL4.PNG',  'IMAGE/DELL/DELL13/DELL5.PNG');

INSERT INTO THONGTINLAPTOP VALUES ('P106F003ASL', 'LAPTOP DELL INSPIRON 5515', 'DELL', 19999000, 'INSPIRON', 'BẠC', 'AMD RYZEN 5 5500U', 'AMD RADEON GRAPHICS', '8GB', '15.6"', '256GB SSD', N'THƯỜNG', '4 CELL 54WH', '1.63KG',  'IMAGE/DELL/DELL14/DELL1.PNG',  'IMAGE/DELL/DELL14/DELL2.PNG',  'IMAGE/DELL/DELL14/DELL3.PNG',  'IMAGE/DELL/DELL14/DELL4.PNG',  'IMAGE/DELL/DELL14/DELL5.PNG');

INSERT INTO THONGTINLAPTOP VALUES ('70262929', 'LAPTOP DELL INSPIRON 5415', 'DELL', 20489000, 'INSPIRON', 'BẠC', 'AMD RYZEN 5 5500U', 'AMD RADEON GRAPHICS', '8GB', '14"', '256GB SSD', N'THƯỜNG', '4 CELL 54WH', '1.44KG',  'IMAGE/DELL/DELL15/DELL1.PNG',  'IMAGE/DELL/DELL15/DELL2.PNG',  'IMAGE/DELL/DELL15/DELL3.PNG',  'IMAGE/DELL/DELL15/DELL4.PNG',  'IMAGE/DELL/DELL15/DELL5.PNG');

INSERT INTO THONGTINLAPTOP VALUES ('70232602', 'LAPTOP DELL INSPIRON 5406 2 IN 1', 'DELL', 22519000, 'INSPIRON', 'XÁM', 'INTEL CORE I5 1135G7', 'INTEL IRIS XE', '8GB', '14"', '512GB SSD', 'LED','3 CELL (40WHR)', '1.72KG',  'IMAGE/DELL/DELL16/DELL1.PNG',  'IMAGE/DELL/DELL16/DELL2.PNG',  'IMAGE/DELL/DELL16/DELL3.PNG',  'IMAGE/DELL/DELL16/DELL4.PNG',  'IMAGE/DELL/DELL16/DELL5.PNG');

INSERT INTO THONGTINLAPTOP VALUES ('7023601', 'LAPTOP DELL INSPIRON 5301', 'DELL', 26289000, 'INSPIRON', 'BẠC', 'INTEL CORE I7 1165G7', 'NVIDIA GEFORCE MX350 2G', '8GB', '13.3"', '512GB SSD', 'BACKLIT', '3 CELL 40WH', '1.23KG',  'IMAGE/DELL/DELL17/DELL1.PNG',  'IMAGE/DELL/DELL17/DELL2.PNG',  'IMAGE/DELL/DELL17/DELL3.PNG',  'IMAGE/DELL/DELL17/DELL4.PNG',  'IMAGE/DELL/DELL17/DELL5.PNG');

INSERT INTO THONGTINLAPTOP VALUES ('70262931', 'LAPTOP DELL XPS 13 9310 2 IN 1', 'DELL', 41989000, 'XPS', 'BẠC', 'INTEL CORE I5 1135G7', 'INTEL IRIS XE GRAPHICS', '8GB', '13.4"', '512GB SSD', N'THƯỜNG', '4 CELL 52WH', '1.27KG',  'IMAGE/DELL/DELL18/DELL1.PNG',  'IMAGE/DELL/DELL18/DELL2.PNG',  'IMAGE/DELL/DELL18/DELL3.PNG',  'IMAGE/DELL/DELL18/DELL4.PNG',  'IMAGE/DELL/DELL18/DELL5.PNG');

INSERT INTO THONGTINLAPTOP VALUES ('P112F001ABL', 'LAPTOP DELL INSPIRON N3511A', 'DELL', 15799000, 'INSPIRON', 'ĐEN', 'INTEL CORE I3 1115G4', 'INTEL UHD GRAPHICS', '4GB', '15.6"', '256GB SSD', N'THƯỜNG', '3 CELL 41WH', '1.85KG',  'IMAGE/DELL/DELL19/DELL1.PNG',  'IMAGE/DELL/DELL19/DELL2.PNG',  'IMAGE/DELL/DELL19/DELL3.PNG',  'IMAGE/DELL/DELL19/DELL4.PNG',  'IMAGE/DELL/DELL19/DELL5.PNG');

INSERT INTO THONGTINLAPTOP VALUES ('70251596', 'LAPTOP DELL LATITUDE 7320', 'DELL', 33489000, 'LATITUDE', 'XÁM', 'INTEL CORE I5 1145G7 VPRO', 'INTEL IRIS XE GRAPHICS', '8GB', '13.3"', '256GB SSD', N'THƯỜNG', '4 CELL (63WHR)', '1.12KG',  'IMAGE/DELL/DELL20/DELL1.PNG',  'IMAGE/DELL/DELL20/DELL2.PNG',  'IMAGE/DELL/DELL20/DELL3.PNG',  'IMAGE/DELL/DELL20/DELL4.PNG',  'IMAGE/DELL/DELL20/DELL5.PNG');

INSERT INTO THONGTINLAPTOP VALUES ('N5R74700U', 'LAPTOP DELL INSPIRON 5505', 'DELL', 22419000, 'INSPIRON', 'BẠC', 'AMD RYZEN 7 4700U', 'AMD RADEON GRAPHICS', '8GB', '15.6"', '512GB SSD', N'THƯỜNG', '3 CELL 40WH', '1.83KG',  'IMAGE/DELL/DELL21/DELL1.PNG',  'IMAGE/DELL/DELL21/DELL2.PNG',  'IMAGE/DELL/DELL21/DELL3.PNG',  'IMAGE/DELL/DELL21/DELL4.PNG',  'IMAGE/DELL/DELL21/DELL5.PNG');

INSERT INTO THONGTINLAPTOP VALUES ('0WT8R1', 'LAPTOP DELL INSPIRON 5510', 'DELL', 22989000, 'INSPIRON', 'BẠC', 'INTEL CORE I5 11300H', 'INTEL IRIS XE GRAPHICS', '8GB', '15.6"', '256GB SSD', 'LED', '4 CELL 54WH', '1.63KG',  'IMAGE/DELL/DELL22/DELL1.PNG',  'IMAGE/DELL/DELL22/DELL2.PNG',  'IMAGE/DELL/DELL22/DELL3.PNG',  'IMAGE/DELL/DELL22/DELL4.PNG',  'IMAGE/DELL/DELL22/DELL5.PNG');

INSERT INTO THONGTINLAPTOP VALUES ('DDXGD1', 'LAPTOP DELL INSPIRON 7400', 'DELL', 33989000, 'INSPIRON', 'BẠC', 'INTEL CORE I7 1165G7', 'NVIDIA GEFORCE MX350 2G DDR5', '16GB', '14.5"', '512GB SSD', 'BACKLIT', '4 CELL 52WH', '1.3KG',  'IMAGE/DELL/DELL23/DELL1.PNG',  'IMAGE/DELL/DELL23/DELL2.PNG',  'IMAGE/DELL/DELL23/DELL3.PNG',  'IMAGE/DELL/DELL23/DELL4.PNG',  'IMAGE/DELL/DELL23/DELL5.PNG');

INSERT INTO THONGTINLAPTOP VALUES ('70232602-I5', 'LAPTOP DELL INSPIRON 5406 2 IN 1', 'DELL', 22519000, 'INSPIRON', 'XÁM', 'INTEL CORE I5 1135G7', 'AMD RADEON GRAPHICS', '8GB', '14"', '512GB SSD', 'LED', '3 CELL (40WHR)', '1.72KG',  'IMAGE/DELL/DELL24/DELL1.PNG',  'IMAGE/DELL/DELL24/DELL2.PNG',  'IMAGE/DELL/DELL24/DELL3.PNG',  'IMAGE/DELL/DELL24/DELL4.PNG',  'IMAGE/DELL/DELL24/DELL5.PNG');

INSERT INTO THONGTINLAPTOP VALUES ('JGNH62', 'LAPTOP DELL XPS 13 9310', 'DELL', 59589000, 'XPS', 'BẠC', 'INTEL CORE I7 1165G7', 'INTEL IRIS XE GRAPHICS', '16GB', '13.4"', '512GB SSD', 'LED', '4 CELL – 52WHR', '1.27KG',  'IMAGE/DELL/DELL25/DELL1.PNG',  'IMAGE/DELL/DELL25/DELL2.PNG',  'IMAGE/DELL/DELL25/DELL3.PNG',  'IMAGE/DELL/DELL25/DELL4.PNG',  'IMAGE/DELL/DELL25/DELL5.PNG');
-- --HP AND ACER

INSERT INTO THONGTINLAPTOP VALUES ('AN515-52-51LW', 'LAPTOP ACER NITRO 5', 'ACER', 24040000, 'NITRO', 'ĐEN', 'INTEL CORE I5 8300H',
 'NVIDIA GEFORCE GTX 1050TI 4GB', '8GB', '15.6"', '128GB SSD', N'KHÔNG ĐÈN', N'4 CELL 48 WH PIN LIỀN', '2.4 KG', 'IMAGE/ACER/NITRO-5/1.PNG', 'IMAGE/ACER/NITRO-5/2.PNG', 'IMAGE/ACER/NITRO-5/3.PNG', 'IMAGE/ACER/NITRO-5/4.PNG', 'IMAGE/ACER/NITRO-5/5.PNG');

INSERT INTO THONGTINLAPTOP VALUES ('A515-53G-5788', 'LAPTOP ACER SPIN 3', 'ACER', 16400000, 'SPIN ', 'XÁM', 'INTEL CORE I5 8250U',
 'INTEL UHD GRAPHICS 620', '4GB', '14"', '256GB SSD', N'KHÔNG ĐÈN', N'3 CELL 61 WH , PIN LIỀN', '1.7 KG', 'IMAGE/ACER/SPIN-3/1.PNG', 'IMAGE/ACER/SPIN-3/2.PNG', 'IMAGE/ACER/SPIN-3/3.PNG', 'IMAGE/ACER/SPIN-3/4.PNG', 'IMAGE/ACER/SPIN-3/5.PNG');

INSERT INTO THONGTINLAPTOP VALUES ('A515-53G-5788-I5', 'LAPTOP ACER ASPIRE 5', 'ACER', 15490000, 'ASPIRE', 'ĐEN', 'INTEL CORE I5 8265U',
 'NVIDIA GEFORCE MX130 2GB GDDR5', '4GB', '15.6"', '1TB HDD', N'KHÔNG ĐÈN', N'3 CELL 61 WH , PIN LIỀN', '2.1 KG', 'IMAGE/ACER/ASPIRE-5-BLACK/1.PNG', 'IMAGE/ACER/ASPIRE-5-BLACK/2.PNG', 'IMAGE/ACER/ASPIRE-5-BLACK/3.PNG', 'IMAGE/ACER/ASPIRE-5-BLACK/4.PNG', 'IMAGE/ACER/ASPIRE-5-BLACK/5.PNG');
 
INSERT INTO THONGTINLAPTOP VALUES ('SF313-51-56UW', 'LAPTOP ACER SWIFT 3', 'ACER', 26490000, 'SWIFT', 'BẠC', 'INTEL CORE I5 8250U',
 'INTEL UHD GRAPHICS 620', '8GB', '13.3"', '256GB SSD', N'KHÔNG ĐÈN', N'4 CELL 48 WH , PIN LIỀN', '1.4 KG', 'IMAGE/ACER/SWIFT-3/1.PNG', 'IMAGE/ACER/SWIFT-3/2.PNG', 'IMAGE/ACER/SWIFT-3/3.PNG', 'IMAGE/ACER/SWIFT-3/4.PNG', 'IMAGE/ACER/SWIFT-3/5.PNG');
 
INSERT INTO THONGTINLAPTOP VALUES ('A715-41G-R150', 'LAPTOP ACER ASPIRE 7', 'ACER', 21490000, 'ASPIRE', 'ĐEN', 'AMD RYZEN 7 3750H',
 'NVIDIA GEFORCE GTX 1650TI 4GB', '8GB', '15.6"', '512GB SSD', N'KHÔNG ĐÈN', N'48 WH , PIN LIỀN', '2.1 KG',  'IMAGE/ACER/ASPIRE-7-BLACK/1.PNG', 'IMAGE/ACER/ASPIRE-7-BLACK/2.PNG', 'IMAGE/ACER/ASPIRE-7-BLACK/3.PNG', 'IMAGE/ACER/ASPIRE-7-BLACK/4.PNG', 'IMAGE/ACER/ASPIRE-7-BLACK/5.PNG');
 
INSERT INTO THONGTINLAPTOP VALUES ('SF314-510G-5742', 'LAPTOP ACER SWIFT 3', 'ACER', 27990000, 'SWIFT', 'VÀNG', 'INTEL CORE I5 1135G7',
 'INTEL IRIS XE MAX GRAPHICS', '16GB', '14"', '1TB SSD', N'KHÔNG ĐÈN', N'4 CELL 58 WH , PIN LIỀN', '1.4 KG',  'IMAGE/ACER/SWIFT-3-GOLD/1.PNG', 'IMAGE/ACER/SWIFT-3-GOLD/2.PNG', 'IMAGE/ACER/SWIFT-3-GOLD/3.PNG', 'IMAGE/ACER/SWIFT-3-GOLD/4.PNG', 'IMAGE/ACER/SWIFT-3-GOLD/5.PNG');
 
INSERT INTO THONGTINLAPTOP VALUES ('A315-57G-524Z', 'LAPTOP ACER ASPIRE 3', 'ACER', 16990000, 'ASPIRE', 'ĐEN', 'INTEL CORE I5 1035G1',
 'NVIDIA GEFORCE MX330 2GB', '8GB', '15.6"', '512GB SSD', N'KHÔNG ĐÈN', N'3 CELL 36 WH , PIN LIỀN', '1.9 KG', 'IMAGE/ACER/ASPIRE-3-BLACK/1.PNG', 'IMAGE/ACER/ASPIRE-3-BLACK/2.PNG', 'IMAGE/ACER/ASPIRE-3-BLACK/3.PNG', 'IMAGE/ACER/ASPIRE-3-BLACK/4.PNG', 'IMAGE/ACER/ASPIRE-3-BLACK/5.PNG');
 
INSERT INTO THONGTINLAPTOP VALUES ('AN515-56-51N4', 'LAPTOP ACER NITRO 5', 'ACER', 23990000, 'NITRO', 'ĐEN', 'INTEL CORE I5 11300H',
 'NVIDIA GEFORCE GTX 1650 4GB', '8GB', '15.6"', '512GB SSD', N'KHÔNG ĐÈN', N'57 WH , PIN LIỀN', '2.2 KG', 'IMAGE/ACER/NITRO-5/1.PNG', 'IMAGE/ACER/NITRO-5/2.PNG', 'IMAGE/ACER/NITRO-5/3.PNG', 'IMAGE/ACER/NITRO-5/4.PNG', 'IMAGE/ACER/NITRO-5/5.PNG');
 
INSERT INTO THONGTINLAPTOP VALUES ('AN515-56-79U2 ', 'LAPTOP ACER NITRO 5', 'ACER', 29290000, 'NITRO', 'ĐEN', 'INTEL CORE I7 11370H',
 'NVIDIA GEFORCE GTX 1650 4GB', '8GB', '15.6"', '512GB SSD', N'KHÔNG ĐÈN', N'57 WH , PIN LIỀN', '2.2 KG', 'IMAGE/ACER/NITRO-5/1.PNG', 'IMAGE/ACER/NITRO-5/2.PNG', 'IMAGE/ACER/NITRO-5/3.PNG', 'IMAGE/ACER/NITRO-5/4.PNG', 'IMAGE/ACER/NITRO-5/5.PNG');

INSERT INTO THONGTINLAPTOP VALUES ('AN515-45-R9SC', 'LAPTOP ACER NITRO 5', 'ACER', 37490000, 'NITRO', 'ĐEN', 'AMD RYZEN 7 5800H',
 'NVIDIA GEFORCE RTX 3070 8GB', '8GB', '15.6"', '512GB SSD', N'KHÔNG ĐÈN', N'4 CELL 56 WH , PIN LIỀN', '2.2 KG', 'IMAGE/ACER/NITRO-5/1.PNG', 'IMAGE/ACER/NITRO-5/2.PNG', 'IMAGE/ACER/NITRO-5/3.PNG', 'IMAGE/ACER/NITRO-5/4.PNG', 'IMAGE/ACER/NITRO-5/5.PNG');
  
INSERT INTO THONGTINLAPTOP VALUES ('AN515-56-79U2-I7', 'LAPTOP ACER NITRO 5', 'ACER', 29290000, 'NITRO', 'ĐEN', 'INTEL CORE I7 11800H',
 'NVIDIA GEFORCE RTX 3050TI 4GB', '8GB', '15.6"', '512GB SSD', N'KHÔNG ĐÈN', N'4 CELL 57 WH , PIN LIỀN', '2.2 KG', 'IMAGE/ACER/NITRO-5/1.PNG', 'IMAGE/ACER/NITRO-5/2.PNG', 'IMAGE/ACER/NITRO-5/3.PNG', 'IMAGE/ACER/NITRO-5/4.PNG', 'IMAGE/ACER/NITRO-5/5.PNG');

INSERT INTO THONGTINLAPTOP VALUES ('AN515-57-77KU','LAPTOP ACER NITRO 5', 'ACER', 36990000, 'NITRO', 'ĐEN', 'INTEL CORE I7 11800H',
 'NVIDIA GEFORCE RTX 3060 6GB', '16GB', '15.6"', '512GB SSD', N'KHÔNG ĐÈN', N'4 CELL 57 WH , PIN LIỀN', '2.2 KG', 'IMAGE/ACER/NITRO-5/1.PNG', 'IMAGE/ACER/NITRO-5/2.PNG', 'IMAGE/ACER/NITRO-5/3.PNG', 'IMAGE/ACER/NITRO-5/4.PNG', 'IMAGE/ACER/NITRO-5/5.PNG');
 
INSERT INTO THONGTINLAPTOP VALUES ('AN515-56-79U2-I7-2', 'LAPTOP ACER NITRO 5', 'ACER', 29290000, 'NITRO', 'ĐEN', 'INTEL CORE I7 11800H',
 'NVIDIA GEFORCE RTX 3050TI 4GB', '8GB', '15.6"', '512GB SSD', N'KHÔNG ĐÈN', N'4 CELL 57 WH , PIN LIỀN', '2.2 KG', 'IMAGE/ACER/NITRO-5/1.PNG', 'IMAGE/ACER/NITRO-5/2.PNG', 'IMAGE/ACER/NITRO-5/3.PNG', 'IMAGE/ACER/NITRO-5/4.PNG', 'IMAGE/ACER/NITRO-5/5.PNG');
 
INSERT INTO THONGTINLAPTOP VALUES ('AN515-57-720A', 'LAPTOP ACER NITRO 5 EAGLE', 'ACER', 28490000, 'NITRO', 'ĐEN', 'INTEL CORE I7 11800H',
 'NVIDIA GEFORCE RTX 3050TI 4GB', '8GB', '15.6"', '512GB SSD', N'KHÔNG ĐÈN', N'4 CELL 57 WH , PIN LIỀN', '2.2 KG', 'IMAGE/ACER/NITRO-5-EAGLE/1.PNG', 'IMAGE/ACER/NITRO-5-EAGLE/2.PNG', 'IMAGE/ACER/NITRO-5-EAGLE/3.PNG', 'IMAGE/ACER/NITRO-5-EAGLE/4.PNG', 'IMAGE/ACER/NITRO-5-EAGLE/5.PNG');
 
INSERT INTO THONGTINLAPTOP VALUES ('PH315-54-74RU', 'LAPTOP ACER PREDATOR HELIOS 300', 'ACER', 43990000, 'PREDATOR', 'ĐEN', 'INTEL CORE I7 11800H',
 'NVIDIA GEFORCE RTX 3070 8GB', '16GB', '15.6"', '512GB SSD', N'KHÔNG ĐÈN', N'4 CELL 59 WH', '2.3 KG', 'IMAGE/ACER/PREDATOR-HELIOS/1.PNG', 'IMAGE/ACER/PREDATOR-HELIOS/2.PNG', 'IMAGE/ACER/PREDATOR-HELIOS/3.PNG', 'IMAGE/ACER/PREDATOR-HELIOS/4.PNG', 'IMAGE/ACER/PREDATOR-HELIOS/5.PNG');
 
INSERT INTO THONGTINLAPTOP VALUES ('TMP214-53-51CU', 'LAPTOP ACER TRAVELMATE P2', 'ACER',22490000, 'TRAVELMATE', 'ĐEN', 'INTEL CORE I5 1135G7',
 'INTEL IRIS XE GRAPHICS', '8GB', '14"', '512GB SSD', N'KHÔNG ĐÈN', N'3 CELL 48 WH', '1.6 KG', 'IMAGE/ACER/TRAVELMATE-P2/1.PNG', 'IMAGE/ACER/TRAVELMATE-P2/2.PNG', 'IMAGE/ACER/TRAVELMATE-P2/3.PNG', 'IMAGE/ACER/TRAVELMATE-P2/4.PNG', 'IMAGE/ACER/TRAVELMATE-P2/5.PNG');
 
INSERT INTO THONGTINLAPTOP VALUES ('TMP214-53-5571', 'LAPTOP ACER TRAVELMATE P2', 'ACER', 21990000, 'TRAVELMATE', 'ĐEN', 'INTEL CORE I5 1135G7',
 'INTEL IRIS XE GRAPHICS', '16GB', '14"', '512GB SSD', N'KHÔNG ĐÈN', N'3 CELL 48 WH', '1.6 KG', 'IMAGE/ACER/TRAVELMATE-P2/1.PNG', 'IMAGE/ACER/TRAVELMATE-P2/2.PNG', 'IMAGE/ACER/TRAVELMATE-P2/3.PNG', 'IMAGE/ACER/TRAVELMATE-P2/4.PNG', 'IMAGE/ACER/TRAVELMATE-P2/5.PNG');
 
INSERT INTO THONGTINLAPTOP VALUES ('SF314-43-R4X3', 'LAPTOP ACER SWIFT 3', 'ACER', 19990000, 'SWIFT', 'BẠC', 'AMD RYZEN 5 5500U',
 'AMD RADEON GRAPHICS', '16GB', '14"', '512GB SSD', N'KHÔNG ĐÈN', N'3 CELL 48 WH , PIN LIỀN', '1.1 KG', 'IMAGE/ACER/SWIFT-3/1.PNG', 'IMAGE/ACER/SWIFT-3/2.PNG', 'IMAGE/ACER/SWIFT-3/3.PNG', 'IMAGE/ACER/SWIFT-3/4.PNG', 'IMAGE/ACER/SWIFT-3/5.PNG');
 
INSERT INTO THONGTINLAPTOP VALUES ('A315-58G-50S4', 'LAPTOP ACER ASPIRE 3', 'ACER', 18690000, 'ASPIRE ', 'BẠC', 'INTEL CORE I5 1135G7',
 'NVIDIA GEFORCE MX350 2GB', '8GB', '15.6"', '512GB SSD', N'KHÔNG ĐÈN', N'2 CELL 36 WH PIN LIỀN', '1.7 KG', 'IMAGE/ACER/ASPIRE-3-SILVER/1.PNG', 'IMAGE/ACER/ASPIRE-3-SILVER/2.PNG', 'IMAGE/ACER/ASPIRE-3-SILVER/3.PNG', 'IMAGE/ACER/ASPIRE-3-SILVER/4.PNG', 'IMAGE/ACER/ASPIRE-3-SILVER/5.PNG');
 
INSERT INTO THONGTINLAPTOP VALUES ('AN515-45-R86D', 'LAPTOP ACER GAMING NITRO 5', 'ACER', 31990000, 'NITRO', 'ĐEN', 'AMD RYZEN 7 5800H',
 'NVIDIA GEFORCE RTX 3060 6GB', '8GB', '15.6"', '512GB SSD', N'KHÔNG ĐÈN', N'4 CELL 57 WH PIN LIỀN', '2.2 KG', 'IMAGE/ACER/NITRO-5/1.PNG', 'IMAGE/ACER/NITRO-5/2.PNG', 'IMAGE/ACER/NITRO-5/3.PNG', 'IMAGE/ACER/NITRO-5/4.PNG', 'IMAGE/ACER/NITRO-5/5.PNG');
 
INSERT INTO THONGTINLAPTOP VALUES ('SF314-511-55QE', 'LAPTOP ACER SWIFT 3 ', 'ACER', 22490000, 'SWIFT', 'BẠC', 'INTEL CORE I5 1135G7',
 'INTEL IRIS XE GRAPHICS', '16GB', '14"', '512GB SSD', N'KHÔNG ĐÈN', N'56 WH PIN LIỀN', '1.2 KG', 'IMAGE/ACER/SWIFT-3-SILVER/1.PNG', 'IMAGE/ACER/SWIFT-3/2.PNG', 'IMAGE/ACER/SWIFT-3/3.PNG', 'IMAGE/ACER/SWIFT-3/4.PNG', 'IMAGE/ACER/SWIFT-3/5.PNG');
 
INSERT INTO THONGTINLAPTOP VALUES ('A514-54-5127', 'LAPTOP ACER ASPIRE 5', 'ACER', 18390000, 'ASPIRE', 'BẠC', 'INTEL CORE I5 1135G7',
 'INTEL IRIS XE GRAPHICS', '8GB', '14"', '512GB SSD', N'KHÔNG ĐÈN', N'48 WH', '1.5 KG',  'IMAGE/ACER/ASPIRE-5-SILVER/1.PNG', 'IMAGE/ACER/ASPIRE-5-SILVER/2.PNG', 'IMAGE/ACER/ASPIRE-5-SILVER/3.PNG', 'IMAGE/ACER/ASPIRE-5-SILVER/4.PNG', 'IMAGE/ACER/ASPIRE-5-SILVER/5.PNG');
 
INSERT INTO THONGTINLAPTOP VALUES ('A715-42G-R05G', 'LAPTOP ACER ASPIRE 7', 'ACER', 20990000, 'ASPIRE', 'ĐEN', 'AMD RYZEN 5 5500U',
 'NVIDIA GEFORCE GTX 1650 4GB', '8GB', '15.6"', '512GB SSD', N'KHÔNG ĐÈN', N'48 WH',  '2.1 KG',  'IMAGE/ACER/ASPIRE-7-BLACK/1.PNG', 'IMAGE/ACER/ASPIRE-7-BLACK/2.PNG', 'IMAGE/ACER/ASPIRE-7-BLACK/3.PNG', 'IMAGE/ACER/ASPIRE-7-BLACK/4.PNG', 'IMAGE/ACER/ASPIRE-7-BLACK/5.PNG');
 
INSERT INTO THONGTINLAPTOP VALUES ('A715-42G-R4XX', 'LAPTOP ACER ASPIRE 7', 'ACER', 19790000, 'ASPIRE', 'ĐEN', 'AMD RYZEN 5 5500U',
 'NVIDIA GEFORCE GTX 1650 4GB', '8GB', '15.6"', '256GB SSD', N'KHÔNG ĐÈN', N'48 WH', '2.1 KG',  'IMAGE/ACER/ASPIRE-7-BLACK/1.PNG', 'IMAGE/ACER/ASPIRE-7-BLACK/2.PNG', 'IMAGE/ACER/ASPIRE-7-BLACK/3.PNG', 'IMAGE/ACER/ASPIRE-7-BLACK/4.PNG', 'IMAGE/ACER/ASPIRE-7-BLACK/5.PNG');
 
INSERT INTO THONGTINLAPTOP VALUES ('AN515-57-71VV', 'LAPTOP ACER NITRO 5', 'ACER', 27990000, 'NITRO', 'ĐEN', 'INTEL CORE I7 11800H',
 'NVIDIA GEFORCE RTX 3050 4GB', '8GB ', '15.6"', '512GB SSD', N'KHÔNG ĐÈN', N'4 CELL 57 WH', '2.2 KG', 'IMAGE/ACER/NITRO-5/1.PNG', 'IMAGE/ACER/NITRO-5/2.PNG', 'IMAGE/ACER/NITRO-5/3.PNG', 'IMAGE/ACER/NITRO-5/4.PNG', 'IMAGE/ACER/NITRO-5/5.PNG');
 
 
 
INSERT INTO THONGTINLAPTOP VALUES ('3D0E8PA ', 'LAPTOP HP PROBOOK 240 G8', 'HP', 21290000, 'PROBOOK', 'BẠC',  'INTEL CORE I7 1165G7',
 'INTEL IRIS XE GRAPHICS', '8GB', '14"', '512GB SSD', N'KHÔNG ĐÈN', N'3 CELL 41 WH PIN LIỀN', '1.4 KG',  'IMAGE/HP/PROBOOK-240/1.PNG', 'IMAGE/HP/PROBOOK-240/2.PNG', 'IMAGE/HP/PROBOOK-240/3.PNG', 'IMAGE/HP/PROBOOK-240/4.PNG', 'IMAGE/HP/PROBOOK-240/5.PNG');
 
INSERT INTO THONGTINLAPTOP VALUES ('DH0172TX', 'LAPTOP HP OMEN 15', 'HP', 44490000, 'OMEN', 'ĐEN', 'INTEL CORE I7 9750H',
 'NVIDIA GEFORCE RTX 2070 8GB', '16GB', '15.6"', '512GB SSD', N'KHÔNG ĐÈN', N'6 CELL 70 WH PIN LIỀN', '2.4 KG', 'IMAGE/HP/OMEN-15/1.PNG', 'IMAGE/HP/OMEN-15/2.PNG', 'IMAGE/HP/OMEN-15/3.PNG', 'IMAGE/HP/OMEN-15/4.PNG', 'IMAGE/HP/OMEN-15/5.PNG');
 
INSERT INTO THONGTINLAPTOP VALUES ('230L5PA', 'LAPTOP HP ELITEBOOK X360 830 G7', 'HP', 41590000, 'ELITEBOOK', 'BẠC', 'INTEL CORE I7 10510U',
 'INTEL UHD GRAPHICS', '16GB', '13.3"', '512GB SSD', N'KHÔNG ĐÈN', N'3 CELL 65 WH PIN LIỀN', '1.4 KG', 'IMAGE/HP/ELITEBOOK-X360/1.PNG', 'IMAGE/HP/ELITEBOOK-X360/2.PNG', 'IMAGE/HP/ELITEBOOK-X360/3.PNG', 'IMAGE/HP/ELITEBOOK-X360/4.PNG', 'IMAGE/HP/ELITEBOOK-X360/5.PNG');
 
 INSERT INTO THONGTINLAPTOP VALUES ('B0142TX', 'LAPTOP HP OMEN 16', 'HP', 37990000, 'OMEN', 'ĐEN', 'INTEL CORE I5 11400H',
 'NVIDIA GEFORCE RTX 3050TI', '16GB', '16"', '1TB SSD', N'KHÔNG ĐÈN', N'6 CELL 83 WH PIN LIỀN', '2.3 KG', 'IMAGE/HP/OMEN-16/1.PNG', 'IMAGE/HP/OMEN-16/2.PNG', 'IMAGE/HP/OMEN-16/3.PNG', 'IMAGE/HP/OMEN-16/4.PNG', 'IMAGE/HP/OMEN-16/5.PNG');
 
 INSERT INTO THONGTINLAPTOP VALUES ('BA1031TU', 'LAPTOP HP ENVY 13', 'HP', 32590000, 'ENVY', 'BẠC', 'INTEL CORE I7 1165G7',
 'INTEL IRIS XE GRAPHICS', '16GB', '13.3"', '1TB SSD', N'KHÔNG ĐÈN', N'3 CELL 51 WH PIN LIỀN', '1.2 KG', 'IMAGE/HP/ENVY-13/1.PNG', 'IMAGE/HP/ENVY-13/2.PNG', 'IMAGE/HP/ENVY-13/3.PNG', 'IMAGE/HP/ENVY-13/4.PNG', 'IMAGE/HP/ENVY-13/5.PNG');
 
  INSERT INTO THONGTINLAPTOP VALUES ('BA1534TU', 'LAPTOP HP ENVY 13', 'HP', 31990000, 'ENVY', 'BẠC', 'INTEL CORE I7 1165G7',
 'INTEL IRIS XE GRAPHICS', '16GB', '13.3"', '1TB SSD', N'KHÔNG ĐÈN', N'3 CELL 51 WH PIN LIỀN', '1.3 KG', 'IMAGE/HP/ENVY-13/1.PNG', 'IMAGE/HP/ENVY-13/2.PNG', 'IMAGE/HP/ENVY-13/3.PNG', 'IMAGE/HP/ENVY-13/4.PNG', 'IMAGE/HP/ENVY-13/5.PNG');
 
 INSERT INTO THONGTINLAPTOP VALUES ('450-2H0Y1PA', 'LAPTOP HP PROBOOK 450 G8', 'HP',31190000, 'PROBOOK', 'BẠC', 'INTEL CORE I7 1165G7',
 'NVIDIA GEFORCE MX450 2GB GDDR5', '16GB', '15.6"', '512GB SSD', N'KHÔNG ĐÈN', N'3 CELL 45 WH PIN LIỀN', '1.7 KG',  'IMAGE/HP/PROBOOK-480/1.PNG', 'IMAGE/HP/PROBOOK-480/2.PNG', 'IMAGE/HP/PROBOOK-480/3.PNG', 'IMAGE/HP/PROBOOK-480/4.PNG', 'IMAGE/HP/PROBOOK-480/5.PNG');
 
 INSERT INTO THONGTINLAPTOP VALUES ('5ZU71PA ', 'LAPTOP HP ELITEBOOK 745 G5', 'HP', 30690000, 'ELITEBOOK', 'BẠC', 'AMD RYZEN 7 2700U',
 'AMD RADEON VEGA 10', '8GB', '14"', '512GB SSD', N'KHÔNG ĐÈN', N'GAMING', '1.6 KG', 'IMAGE/HP/ELITEBOOK/1.PNG', 'IMAGE/HP/ELITEBOOK/2.PNG', 'IMAGE/HP/ELITEBOOK/3.PNG', 'IMAGE/HP/ELITEBOOK/4.PNG', 'IMAGE/HP/ELITEBOOK/5.PNG');
 
  INSERT INTO THONGTINLAPTOP VALUES ('BA1030TU-I7', 'LAPTOP HP ENVY 13', 'HP', 29190000, 'ENVY', 'BẠC', 'INTEL CORE I7 1165G7',
 'INTEL IRIS XE GRAPHICS', '8GB', '13.3"', '512GB SSD', N'KHÔNG ĐÈN', N'3 CELL 51 WH PIN LIỀN', '1.2 KG', 'IMAGE/HP/ENVY-13/1.PNG', 'IMAGE/HP/ENVY-13/2.PNG', 'IMAGE/HP/ENVY-13/3.PNG', 'IMAGE/HP/ENVY-13/4.PNG', 'IMAGE/HP/ENVY-13/5.PNG');

  INSERT INTO THONGTINLAPTOP VALUES ('DK1159TX', 'LAPTOP HP PAVILION GAMING 15', 'HP', 28990000, 'PAVILION', 'ĐEN', 'INTEL CORE I7 10750H',
 'NVIDIA GEFORCE GTX 1650TI 4GB', '8GB', '15.6"', '512GB SSD', N'KHÔNG ĐÈN', N'3 CELL 52 WH PIN LIỀN', '2.2 KG', 'IMAGE/HP/PAVILION-GAMING/1.PNG', 'IMAGE/HP/PAVILION-GAMING/2.PNG', 'IMAGE/HP/PAVILION-GAMING/3.PNG', 'IMAGE/HP/PAVILION-GAMING/4.PNG', 'IMAGE/HP/PAVILION-GAMING/5.PNG');
 
 INSERT INTO THONGTINLAPTOP VALUES ('D0200TX', 'HP VICTUS 16', 'HP', 28990000, 'VICTUS', 'ĐEN', 'INTEL CORE I7 11800H',
 'NVIDIA GEFORCE GTX 1650 4GB', '8GB', '16"', '512GB SSD', N'KHÔNG ĐÈN', N'4 CELL 70 WH PIN LIỀN', '2.4 KG', 'IMAGE/HP/VICTUS/1.PNG', 'IMAGE/HP/VICTUS/2.PNG', 'IMAGE/HP/VICTUS/3.PNG', 'IMAGE/HP/VICTUS/4.PNG', 'IMAGE/HP/VICTUS/5.PNG');
 
  INSERT INTO THONGTINLAPTOP VALUES ('A0109TX', 'LAPTOP HP PAVILION GAMING 15', 'HP', 27890000, 'PAVILION', 'ĐEN', 'INTEL CORE I7 10870H',
 'NVIDIA GEFORCE GTX 1650TI 4GB', '8GB', '16"', '512GB SSD', N'KHÔNG ĐÈN', N'3 CELL 52 WH PIN LIỀN', '2.2 KG', 'IMAGE/HP/PAVILION-GAMING/1.PNG', 'IMAGE/HP/PAVILION-GAMING/2.PNG', 'IMAGE/HP/PAVILION-GAMING/3.PNG', 'IMAGE/HP/PAVILION-GAMING/4.PNG', 'IMAGE/HP/PAVILION-GAMING/5.PNG');
 
  INSERT INTO THONGTINLAPTOP VALUES ('AY0069AU', 'LAPTOP HP ENVY X360 13', 'HP', 26990000, 'ENVY', 'BẠC', 'AMD RYZEN 7 4700U',
 'AMD RADEON GRAPHICS', '8GB', '13.3"', '256GB SSD', N'KHÔNG ĐÈN', N'3 CELL 51 WH PIN LIỀN', '1.3 KG', 'IMAGE/HP/ENVY-13/1.PNG', 'IMAGE/HP/ENVY-13/2.PNG', 'IMAGE/HP/ENVY-13/3.PNG', 'IMAGE/HP/ENVY-13/4.PNG', 'IMAGE/HP/ENVY-13/5.PNG');
 
   INSERT INTO THONGTINLAPTOP VALUES ('BA0047TU', 'LAPTOP HP ENVY 13', 'HP', 26990000, 'ENVY', 'BẠC', 'INTEL CORE I7 1065G7',
 'INTEL IRIS PLUS GRAPHICS', '8GB', '13.3"', '512GB SSD', N'KHÔNG ĐÈN', N'3 CELL 51 WH PIN LIỀN', '1.3 KG ', 'IMAGE/HP/ENVY-13/1.PNG', 'IMAGE/HP/ENVY-13/2.PNG', 'IMAGE/HP/ENVY-13/3.PNG', 'IMAGE/HP/ENVY-13/4.PNG', 'IMAGE/HP/ENVY-13/5.PNG');

 INSERT INTO THONGTINLAPTOP VALUES ('DK1086TX', 'LAPTOP HP PAVILION GAMING 15', 'HP', 26990000, 'PAVILION', 'ĐEN', 'INTEL CORE I7 10750H',
 'NVIDIA GEFORCE GTX 1650TI 4GB', '8GB', '15.6"', '512GB SSD', N'KHÔNG ĐÈN', N'3 CELL 52 WH PIN LIỀN', '2.2 KG', 'IMAGE/HP/PAVILION-GAMING/1.PNG', 'IMAGE/HP/PAVILION-GAMING/2.PNG', 'IMAGE/HP/PAVILION-GAMING/3.PNG', 'IMAGE/HP/PAVILION-GAMING/4.PNG', 'IMAGE/HP/PAVILION-GAMING/5.PNG');
 
 INSERT INTO THONGTINLAPTOP VALUES ('2H0W6PA', 'LAPTOP HP PROBOOK 450 G8', 'HP', 26990000, 'PROBOOK', 'BẠC', 'INTEL CORE I7 1165G7',
 'NVIDIA GEFORCE MX450 2GB GDDR5', '8GB', '15.6"', '512GB SSD', N'KHÔNG ĐÈN', N'3 CELL 45 WH PIN LIỀN', '1.7 KG ', 'IMAGE/HP/PROBOOK-480/1.PNG', 'IMAGE/HP/PROBOOK-480/2.PNG', 'IMAGE/HP/PROBOOK-480/3.PNG', 'IMAGE/HP/PROBOOK-480/4.PNG', 'IMAGE/HP/PROBOOK-480/5.PNG');

 INSERT INTO THONGTINLAPTOP VALUES ('AR0072AU', 'LAPTOP HP ENVY X360 13', 'HP', 26490000, 'ENVY', 'BẠC', 'AMD RYZEN 7 3700U',
 'AMD RADEON VEGA 10', '8GB', '13.3"', '256GB SSD', N'KHÔNG ĐÈN', N'4 CELL 51 WH PIN LIỀN', '1.3 KG', 'IMAGE/HP/ENVY-13/1.PNG', 'IMAGE/HP/ENVY-13/2.PNG', 'IMAGE/HP/ENVY-13/3.PNG', 'IMAGE/HP/ENVY-13/4.PNG', 'IMAGE/HP/ENVY-13/5.PNG');
 
  INSERT INTO THONGTINLAPTOP VALUES ('DK1075TX', 'LAPTOP HP PAVILION GAMING 15', 'HP', 25990000, 'PAVILION', 'ĐEN', 'INTEL CORE I7 10750H',
 'NVIDIA GEFORCE GTX 1650TI 4GB', '8GB', '15.6"', '512GB SSD', N'KHÔNG ĐÈN', N'3 CELL 52 WH PIN LIỀN', '2.2 KG', 'IMAGE/HP/PAVILION-GAMING/1.PNG', 'IMAGE/HP/PAVILION-GAMING/2.PNG', 'IMAGE/HP/PAVILION-GAMING/3.PNG', 'IMAGE/HP/PAVILION-GAMING/4.PNG', 'IMAGE/HP/PAVILION-GAMING/5.PNG');

INSERT INTO THONGTINLAPTOP VALUES ('440-2H0Y1PA', 'LAPTOP HP PROBOOK 440 G8', 'HP', 25490000, 'PROBOOK', 'BẠC', 'INTEL CORE I7 1165G7',
 'INTEL IRIS XE GRAPHICS', '16GB', '15.6"', '512GB SSD', N'KHÔNG ĐÈN', N'3 CELL 45 WH PIN LIỀN', '1.4 KG', 'IMAGE/HP/PROBOOK-480/1.PNG', 'IMAGE/HP/PROBOOK-480/2.PNG', 'IMAGE/HP/PROBOOK-480/3.PNG', 'IMAGE/HP/PROBOOK-480/4.PNG', 'IMAGE/HP/PROBOOK-480/5.PNG');
 
 INSERT INTO THONGTINLAPTOP VALUES ('2Z6J6PA', 'LAPTOP HP PROBOOK 440 G8', 'HP', 25490000, 'PROBOOK', 'BẠC', 'INTEL CORE I7 1165G7',
 'INTEL IRIS XE GRAPHICS', '16GB', '15.6"', '512GB SSD', N'KHÔNG ĐÈN', N'3 CELL 45 WH PIN LIỀN', '1.4 KG', 'IMAGE/HP/PROBOOK-480/1.PNG', 'IMAGE/HP/PROBOOK-480/2.PNG', 'IMAGE/HP/PROBOOK-480/3.PNG', 'IMAGE/HP/PROBOOK-480/4.PNG', 'IMAGE/HP/PROBOOK-480/5.PNG');
 
 INSERT INTO THONGTINLAPTOP VALUES ('2H0W5PA', 'LAPTOP HP PROBOOK 450 G8', 'HP', 26990000, 'PROBOOK', 'BẠC', 'INTEL CORE I7 1165G7',
 'NVIDIA GEFORCE MX450 2GB GDDR5', '8GB', '15.6"', '512GB SSD', N'KHÔNG ĐÈN', N'3 CELL 45 WH PIN LIỀN', '1.7 KG', 'IMAGE/HP/PROBOOK-480/1.PNG', 'IMAGE/HP/PROBOOK-480/2.PNG', 'IMAGE/HP/PROBOOK-480/3.PNG', 'IMAGE/HP/PROBOOK-480/4.PNG', 'IMAGE/HP/PROBOOK-480/5.PNG');
 
  INSERT INTO THONGTINLAPTOP VALUES ('DK1086TX-I7', 'LAPTOP HP PAVILION GAMING 15', 'HP', 26990000, 'PAVILION', 'ĐEN', 'INTEL CORE I7 10750H',
 'NVIDIA GEFORCE GTX 1650TI 4GB', '8GB', '15.6"', '512GB SSD', N'KHÔNG ĐÈN', N'3 CELL 52 WH PIN LIỀN', '2.2 KG', 'IMAGE/HP/PAVILION-GAMING/1.PNG', 'IMAGE/HP/PAVILION-GAMING/2.PNG', 'IMAGE/HP/PAVILION-GAMING/3.PNG', 'IMAGE/HP/PAVILION-GAMING/4.PNG', 'IMAGE/HP/PAVILION-GAMING/5.PNG');
 
 INSERT INTO THONGTINLAPTOP VALUES ('BA1028TU', 'LAPTOP HP ENVY 13', 'HP', 23990000, 'ENVY', 'VÀNG', 'INTEL CORE I5 1135G7',
 'INTEL IRIS PLUS GRAPHICS', '8GB', '13.3"', '512GB SSD', N'KHÔNG ĐÈN', N'3 CELL 51 WH PIN LIỀN', '1.3 KG', 'IMAGE/HP/ENVY-13/1.PNG', 'IMAGE/HP/ENVY-13/2.PNG', 'IMAGE/HP/ENVY-13/3.PNG', 'IMAGE/HP/ENVY-13/4.PNG', 'IMAGE/HP/ENVY-13/5.PNG');
 
  INSERT INTO THONGTINLAPTOP VALUES ('EG0007TX ', 'LAPTOP HP PAVILION 15', 'HP', 23990000, 'PAVILION', 'ĐEN', 'INTEL CORE I7 1165G7',
 'NVIDIA GEFORCE MX450 2GB', '8GB', '15.6"', '512GB SSD', N'KHÔNG ĐÈN', N'3 CELL 41 WH PIN LIỀN', '1.7 KG', 'IMAGE/HP/PAVILION/1.PNG', 'IMAGE/HP/PAVILION/2.PNG', 'IMAGE/HP/PAVILION/3.PNG', 'IMAGE/HP/PAVILION/4.PNG', 'IMAGE/HP/PAVILION/5.PNG');
 
  INSERT INTO THONGTINLAPTOP VALUES ('9LA54PA', 'LAPTOP HP PROBOOK 450 G7', 'HP', 23790000, 'PROBOOK', 'BẠC', 'INTEL CORE I7 10510U',
 'NVIDIA GEFORCE MX250 2GB GDDR5', '8GB', '15.6"', '512GB SSD', N'KHÔNG ĐÈN', N'3 CELL 45 WH PIN LIỀN', '1.7 KG', 'IMAGE/HP/PROBOOK-480/1.PNG', 'IMAGE/HP/PROBOOK-480/2.PNG', 'IMAGE/HP/PROBOOK-480/3.PNG', 'IMAGE/HP/PROBOOK-480/4.PNG', 'IMAGE/HP/PROBOOK-480/5.PNG');
--  --MSI

INSERT INTO THONGTINLAPTOP VALUES ('4719072674250', 'LAPTOP MSI GS65 STEALTH', 'MSI', 32190000, 'GS', 'ĐEN', 'INTEL CORE I5 9300H', 'NVIDIA GEFORCE GTX 1660TI 6GB GDDR6', '8GB', '15.6"', '512GB SSD', 'RGB', '4 CELL 82 WH', '1.9 KG',  'IMAGE/MSI/MSI1/MSI1.PNG',  'IMAGE/MSI/MSI1/MSI2.PNG',  'IMAGE/MSI/MSI1/MSI3.PNG',  'IMAGE/MSI/MSI1/MSI4.PNG',  'IMAGE/MSI/MSI1/MSI5.PNG');

INSERT INTO THONGTINLAPTOP VALUES ('10SC-020VN', 'LAPTOP MSI THIN GF63', 'MSI', 21890000, 'GF', 'ĐEN', 'INTEL CORE I7 10750H', 'NVIDIA GEFORCE GTX 1650 4GB GDDR6', '8GB', '15.6"', '512GB SSD', 'LED', '3 CELL 51 WH PIN LIỀN', '1.9 KG',  'IMAGE/MSI/MSI2/MSI1.PNG',  'IMAGE/MSI/MSI2/MSI2.PNG',  'IMAGE/MSI/MSI2/MSI3.PNG',  'IMAGE/MSI/MSI2/MSI4.PNG',  'IMAGE/MSI/MSI2/MSI5.PNG');

INSERT INTO THONGTINLAPTOP VALUES ('10SC-014VN', 'LAPTOP MSI THIN GF63', 'MSI', 20990000, 'GF', 'ĐEN', 'INTEL CORE I5 10200H', 'NVIDIA GEFORCE GTX 1650 4GB GDDR6', '8GB', '15.6"', '512GB SSD', 'LED', '3 CELL 51 WH PIN LIỀN', '1.9 KG',  'IMAGE/MSI/MSI3/MSI1.PNG',  'IMAGE/MSI/MSI3/MSI2.PNG',  'IMAGE/MSI/MSI3/MSI3.PNG',  'IMAGE/MSI/MSI3/MSI4.PNG',  'IMAGE/MSI/MSI3/MSI5.PNG');

INSERT INTO THONGTINLAPTOP VALUES ('11UC', 'LAPTOP MSI KATANA GF76', 'MSI', 28299000, 'GAMING', 'ĐEN', 'INTEL CORE I7 11800H', 'NVIDIA GEFORCE RTX 3050 4GB GDDR6', '8GB', '17.3"', '512GB SSD', 'LED', '3 CELL 53 WH PIN LIỀN', '2.6 KG',  'IMAGE/MSI/MSI4/MSI1.PNG',  'IMAGE/MSI/MSI4/MSI2.PNG',  'IMAGE/MSI/MSI4/MSI3.PNG',  'IMAGE/MSI/MSI4/MSI4.PNG',  'IMAGE/MSI/MSI4/MSI5.PNG');

INSERT INTO THONGTINLAPTOP VALUES ('A10M', 'LAPTOP MSI MODERN 15', 'MSI', 17990000, 'MODERN', 'XÁM', 'INTEL CORE I5 10210U', 'INTEL UHD GRAPHICS', '8GB', '15.6"', '512GB SSD', 'LED', '3 CELL 52 WH PIN LIỀN', '1.6 KG',  'IMAGE/MSI/MSI5/MSI1.PNG',  'IMAGE/MSI/MSI5/MSI2.PNG',  'IMAGE/MSI/MSI5/MSI3.PNG',  'IMAGE/MSI/MSI5/MSI4.PNG',  'IMAGE/MSI/MSI5/MSI5.PNG');

INSERT INTO THONGTINLAPTOP VALUES ('B11SBU', 'LAPTOP MSI MODERN 14', 'MSI', 21990000, 'MODERN', 'XÁM', 'INTEL CORE I5 1155G7', 'NVIDIA GEFORCE MX450 2GB GDDR5', '8GB', '14"', '512GB SSD', 'LED', '3 CELL PIN LIỀN', '1.3 KG',  'IMAGE/MSI/MSI6/MSI1.PNG',  'IMAGE/MSI/MSI6/MSI2.PNG',  'IMAGE/MSI/MSI6/MSI3.PNG',  'IMAGE/MSI/MSI6/MSI4.PNG',  'IMAGE/MSI/MSI6/MSI5.PNG');

INSERT INTO THONGTINLAPTOP VALUES ('A11MT-211VN', 'LAPTOP MSI SUMMIT E13 FLIP EVO', 'MSI', 38999000, 'SUMMIT', 'ĐEN', 'INTEL CORE I7 1185G7', 'INTEL IRIS X', '16GB', '13.4"', '1TB SSD', 'BACKLIGHT', '4 CELL 70WHR', '1.3KG',  'IMAGE/MSI/MSI7/MSI1.PNG',  'IMAGE/MSI/MSI7/MSI2.PNG',  'IMAGE/MSI/MSI7/MSI3.PNG',  'IMAGE/MSI/MSI7/MSI4.PNG',  'IMAGE/MSI/MSI7/MSI5.PNG');

INSERT INTO THONGTINLAPTOP VALUES ('A10SDT-483VN', 'LAPTOP MSI CREATOR 15', 'MSI', 38369000, 'CREATOR', 'XÁM', 'INTEL CORE I7 10750H', 'NVIDIA GEFORCE GTX 1660TI MAX Q', '16B', '15.6"', '512GB SSD', 'BACKLIGHT', '4 CELL 99WH', '2.1KG',  'IMAGE/MSI/MSI8/MSI1.PNG',  'IMAGE/MSI/MSI8/MSI2.PNG',  'IMAGE/MSI/MSI8/MSI3.PNG',  'IMAGE/MSI/MSI8/MSI4.PNG',  'IMAGE/MSI/MSI8/MSI5.PNG');

INSERT INTO THONGTINLAPTOP VALUES ('A11SC-037VN', 'LAPTOP MSI PRESTIGE 15', 'MSI', 34689000, 'PRESTIGE', 'XÁM', 'INTEL CORE I7 1185G7', 'NVIDIA GEFORCE GTX 1650 MAX Q', '16GB', '15.6"', '512GB SSD', 'BACKLIGHT', '4 CELL 82WHR', '1.6 KG',  'IMAGE/MSI/MSI9/MSI1.PNG',  'IMAGE/MSI/MSI9/MSI2.PNG',  'IMAGE/MSI/MSI9/MSI3.PNG',  'IMAGE/MSI/MSI9/MSI4.PNG',  'IMAGE/MSI/MSI9/MSI5.PNG');

INSERT INTO THONGTINLAPTOP VALUES ('A11UET-218VN', 'LAPTOP MSI CREATOR Z16', 'MSI', 66989000, 'CREATOR', 'XÁM', 'INTEL CORE I9 11900H', 'NVIDIA GEFORCE RTX 3060', '32GB', '16"', '1TB SSD', 'LED', '4 CELL 99WH', '2.2KG',  'IMAGE/MSI/MSI10/MSI1.PNG',  'IMAGE/MSI/MSI10/MSI2.PNG',  'IMAGE/MSI/MSI10/MSI3.PNG',  'IMAGE/MSI/MSI10/MSI4.PNG',  'IMAGE/MSI/MSI10/MSI5.PNG');

INSERT INTO THONGTINLAPTOP VALUES ('10UE-604VN', 'MSI GAMING GP76 LEOPARD', 'MSI', 47489000, 'GAMING', 'ĐEN', 'INTEL CORE I7 10870H', 'NVIDIA GEFORCE RTX 3060', '32GB', '17.3"', '1T SSD', 'RGB', '4-CELL 65 WHR', '2.9 KG',  'IMAGE/MSI/MSI11/MSI1.PNG',  'IMAGE/MSI/MSI11/MSI2.PNG',  'IMAGE/MSI/MSI11/MSI3.PNG',  'IMAGE/MSI/MSI11/MSI4.PNG',  'IMAGE/MSI/MSI11/MSI5.PNG');

INSERT INTO THONGTINLAPTOP VALUES ('11UDK-255VN', 'LAPTOP MSI GAMING PULSE GL66', 'MSI', 33489000, 'GAMING', 'ĐEN', 'INTEL CORE I7 11800H', 'NVIDIA GEFORCE RTX 3050TI', '16GB', '15.6"', '512G SSD', 'BACKLIGHT', '3-CELL , 53.5 WHR', '2.3 KG',  'IMAGE/MSI/MSI12/MSI1.PNG',  'IMAGE/MSI/MSI12/MSI2.PNG',  'IMAGE/MSI/MSI12/MSI3.PNG',  'IMAGE/MSI/MSI12/MSI4.PNG',  'IMAGE/MSI/MSI12/MSI5.PNG');

INSERT INTO THONGTINLAPTOP VALUES ('11UC-096VN', 'LAPTOP MSI GAMING KATANA GF76', 'MSI', 29689000, 'GAMING', 'ĐEN', 'INTEL CORE I7 11800H', 'RTX 3050, GDDR6 4GB', '8GB', '17.3"', '512GB SSD', 'BACKLIGHT', '3 CELL, 53.5WH', '2.2 KG',  'IMAGE/MSI/MSI13/MSI1.PNG',  'IMAGE/MSI/MSI13/MSI2.PNG',  'IMAGE/MSI/MSI13/MSI3.PNG',  'IMAGE/MSI/MSI13/MSI4.PNG',  'IMAGE/MSI/MSI13/MSI5.PNG');

INSERT INTO THONGTINLAPTOP VALUES ('11UG-280VN', 'MSI GAMING GP76 LEOPARD', 'MSI', 51989000, 'GAMING', 'ĐEN', 'INTEL CORE I7 11800H', 'RTX3070 8G','8GB', '17.3"', '1TB SSD', 'BACKLIGHT', '3 CELL, 53.5WH', '2.2 KG',  'IMAGE/MSI/MSI14/MSI1.PNG',  'IMAGE/MSI/MSI14/MSI2.PNG',  'IMAGE/MSI/MSI14/MSI3.PNG',  'IMAGE/MSI/MSI14/MSI4.PNG',  'IMAGE/MSI/MSI14/MSI5.PNG');

INSERT INTO THONGTINLAPTOP VALUES ('11UH-211VN', 'LAPTOP MSI GAMING GE66 RAIDER', 'MSI', 75999000, 'GAMING', 'ĐEN', 'INTEL CORE I7 11800H', 'NVIDIA GEFORCE RTX 3080','8GB', '15.6"', '2TB SSD', 'RGB', '99.9 (WHR)', '2.38 KG',  'IMAGE/MSI/MSI15/MSI1.PNG',  'IMAGE/MSI/MSI15/MSI2.PNG',  'IMAGE/MSI/MSI15/MSI3.PNG',  'IMAGE/MSI/MSI15/MSI4.PNG',  'IMAGE/MSI/MSI15/MSI5.PNG');

INSERT INTO THONGTINLAPTOP VALUES ('11UG-210VN', 'LAPTOP MSI GAMING GS66 STEALTH', 'MSI', 65499000, 'GAMING', 'ĐEN', 'INTEL CORE I7 11800H', 'NVIDIA GEFORCE RTX 3070','8GB', '15.6"', '2TB SSD', 'RGB', '99.9 (WHR)', '2.1KG',  'IMAGE/MSI/MSI16/MSI1.PNG',  'IMAGE/MSI/MSI16/MSI2.PNG',  'IMAGE/MSI/MSI16/MSI3.PNG',  'IMAGE/MSI/MSI16/MSI4.PNG',  'IMAGE/MSI/MSI16/MSI5.PNG');

INSERT INTO THONGTINLAPTOP VALUES ('11UEK-048VN', 'LAPTOP MSI GAMING GL76 LEOPARD', 'MSI', 44429000, 'GAMING', 'ĐEN', 'INTEL CORE I7 11800H', 'NVIDIA GEFORCE RTX 3060','8GB', '17.3"', '1TB SSD', 'BACKLIGHT', '53 WHR', '2.3KG',  'IMAGE/MSI/MSI17/MSI1.PNG',  'IMAGE/MSI/MSI17/MSI2.PNG',  'IMAGE/MSI/MSI17/MSI3.PNG',  'IMAGE/MSI/MSI17/MSI4.PNG',  'IMAGE/MSI/MSI17/MSI5.PNG');

INSERT INTO THONGTINLAPTOP VALUES ('A11SDK', 'LAPTOP MSI GAMING STEALTH 15M', 'MSI', 33329000, 'GAMING', 'XÁM', 'INTEL CORE I7 1185G7', 'GTX1660TI 6G MAXQ GDDR6','8GB', '15.6"', '512GB SSD', 'RGB', '3 CELL, 52WH', '1.69 KG',  'IMAGE/MSI/MSI18/MSI1.PNG',  'IMAGE/MSI/MSI18/MSI2.PNG',  'IMAGE/MSI/MSI18/MSI3.PNG',  'IMAGE/MSI/MSI18/MSI4.PNG',  'IMAGE/MSI/MSI18/MSI5.PNG');

INSERT INTO THONGTINLAPTOP VALUES ('A10UET-447VN', 'LAPTOP MSI CREATOR 15', 'MSI', 53529000, 'CREATOR', 'XÁM', 'INTEL CORE I7 10870H', 'NVIDIA GEFORCE RTX 3060, 6GB GDDR6','8GB', '15.6"', '1TB SSD','RGB', '4 CELL, 99WH', '2.1KG',  'IMAGE/MSI/MSI19/MSI1.PNG',  'IMAGE/MSI/MSI19/MSI2.PNG',  'IMAGE/MSI/MSI19/MSI3.PNG',  'IMAGE/MSI/MSI19/MSI4.PNG',  'IMAGE/MSI/MSI19/MSI5.PNG');

INSERT INTO THONGTINLAPTOP VALUES ('A10OGH-447VN', 'LAPTOP WORKSTATION MSI WE75', 'MSI', 60589000, 'WE75', 'ĐEN', 'INTEL COFFEELAKE REFRESH I7 9750H', 'NVIDIA QUADRO RTX 3000 WITH 6GB GDDR6','8GB', '17.3"', '512GB SSD', 'RGB','6-CELL', '2.6 KG',  'IMAGE/MSI/MSI20/MSI1.PNG',  'IMAGE/MSI/MSI20/MSI2.PNG',  'IMAGE/MSI/MSI20/MSI3.PNG',  'IMAGE/MSI/MSI20/MSI4.PNG',  'IMAGE/MSI/MSI20/MSI5.PNG');

INSERT INTO THONGTINLAPTOP VALUES ('9SG', 'LAPTOP MSI GAMING GT76 TITAN', 'MSI', 113109000, 'GAMING', 'ĐEN', 'INTEL COFFEELAKE REFRESH I9 9900K', 'NVIDIA GEFORCE RTX 2080 WITH 8GB GDDR6','8GB', '17.3"', '1TB SSD', 'RGB','8-CELL, 90(WHR)', '4.5 KG',  'IMAGE/MSI/MSI21/MSI1.PNG',  'IMAGE/MSI/MSI21/MSI2.PNG',  'IMAGE/MSI/MSI21/MSI3.PNG',  'IMAGE/MSI/MSI21/MSI4.PNG',  'IMAGE/MSI/MSI21/MSI5.PNG');

INSERT INTO THONGTINLAPTOP VALUES ('B11UG-601VN', 'LAPTOP MSI CREATOR 17', 'MSI', 66989000, 'CREATOR', 'ĐEN', 'INTEL CORE I7 11800H', 'NVIDIA GEFORCE RTX 3070 MAX Q 8G GDDR6','8GB', '17.3"', '1TB SSD','RGB', '4 CELL, 99WH', '2.45KG',  'IMAGE/MSI/MSI22/MSI1.PNG',  'IMAGE/MSI/MSI22/MSI2.PNG',  'IMAGE/MSI/MSI22/MSI3.PNG',  'IMAGE/MSI/MSI22/MSI4.PNG',  'IMAGE/MSI/MSI22/MSI5.PNG');

INSERT INTO THONGTINLAPTOP VALUES ('B11SB-625VN', 'LAPTOP MSI MODERN 14', 'MSI', 22719000, 'MODERN', 'VÀNG HỒNG', 'TIGER LAKE CORE I5 1135G7', 'NVIDIA GEFORCE MX450 2GB GDDR5','8GB', '14"', '512GB SSD','RGB', '3 CELL, 52WH', '1.3 KG',  'IMAGE/MSI/MSI23/MSI1.PNG',  'IMAGE/MSI/MSI23/MSI2.PNG',  'IMAGE/MSI/MSI23/MSI3.PNG',  'IMAGE/MSI/MSI23/MSI4.PNG',  'IMAGE/MSI/MSI23/MSI5.PNG');

INSERT INTO THONGTINLAPTOP VALUES ('242VN-GL65', 'LAPTOP GAMING MSI GL65 LEOPARD 10SDK', 'MSI',32009000, 'LEOPARD', 'ĐEN', 'INTEL CORE I7 10750H', 'NVIDIA GTX 1660TI', '8GB', '15.6"', '512GB SSD','RGB', '3 CELL, 52WH', '1.3 KG',  'IMAGE/MSI/MSI24/MSI1.PNG',  'IMAGE/MSI/MSI24/MSI2.PNG',  'IMAGE/MSI/MSI24/MSI3.PNG',  'IMAGE/MSI/MSI24/MSI4.PNG',  'IMAGE/MSI/MSI24/MSI5.PNG');

INSERT INTO THONGTINLAPTOP VALUES ('A5M-047VN', 'LAPTOP MSI MODERN 15', 'MSI', 20509000, 'MODERN', 'ĐEN', 'AMD RYZEN R7 5700U', 'NVIDIA GEFORCE RTX 3070 MAX Q 8G GDDR6', '8GB', '15.6"', '512GB SSD','RGB', '4 CELL, 99WH', '2.45KG',  'IMAGE/MSI/MSI25/MSI1.PNG',  'IMAGE/MSI/MSI25/MSI2.PNG',  'IMAGE/MSI/MSI25/MSI3.PNG',  'IMAGE/MSI/MSI25/MSI4.PNG',  'IMAGE/MSI/MSI25/MSI5.PNG');
-- MICROSOFT
INSERT INTO THONGTINLAPTOP VALUES ('QWT-00001', 'LAPTOP MICROSOFT SURFACE PRO 7', 'MICROSOFT', 23290000, 'SURFACE', 'BẠC', 'INTEL CORE I3 1005G1', 'INTEL CORE I3 1005G1S', '4GB', '12.3"', '128GB SSD', 'LED', N'PIN LIỀN', '0.8 KG',  'IMAGE/MICRO/MICRO/UNNAMED.PNG',  'IMAGE/MICRO/MICRO/UNNAMED (1).PNG',  'IMAGE/MICRO/MICRO/UNNAMED (2).PNG',  'IMAGE/MICRO/MICRO/UNNAMED (3).PNG',  'IMAGE/MICRO/MICRO/UNNAMED (4).PNG');
INSERT INTO THONGTINLAPTOP VALUES ('QWT-00002', 'LAPTOP MICROSOFT SURFACE PRO 7', 'MICROSOFT', 23290000, 'SURFACE', 'BẠC', 'INTEL CORE I3 1005G1', 'INTEL CORE I3 1005G1S', '4GB', '12.3"', '128GB SSD', 'LED', N'PIN LIỀN', '0.8 KG',  'IMAGE/MICRO/MICRO 1/UNNAMED.PNG',  'IMAGE/MICRO/MICRO 1/UNNAMED (1).PNG',  'IMAGE/MICRO/MICRO 1/UNNAMED (2).PNG',  'IMAGE/MICRO/MICRO 1/UNNAMED (3).PNG',  'IMAGE/MICRO/MICRO 1/UNNAMED (4).PNG');


INSERT INTO KHOHANG VALUES ('A315-57G-524Z', 5, 0, 0);
INSERT INTO KHOHANG VALUES ('A315-58G-50S4', 5, 0, 0);
INSERT INTO KHOHANG VALUES ('A514-54-5127', 5, 0, 0);
INSERT INTO KHOHANG VALUES ('A515-53G-5788', 5, 0, 0);
INSERT INTO KHOHANG VALUES ('A515-53G-5788-I5', 5, 0, 0);
INSERT INTO KHOHANG VALUES ('A715-41G-R150', 5, 0, 0);
INSERT INTO KHOHANG VALUES ('A715-42G-R05G', 5, 0, 0);
INSERT INTO KHOHANG VALUES ('A715-42G-R4XX', 5, 0, 0);
INSERT INTO KHOHANG VALUES ('AN515-45-R86D', 5, 0, 0);
INSERT INTO KHOHANG VALUES ('AN515-45-R9SC', 5, 0, 0);
INSERT INTO KHOHANG VALUES ('AN515-52-51LW', 5, 0, 0);
INSERT INTO KHOHANG VALUES ('AN515-56-51N4', 5, 0, 0);
INSERT INTO KHOHANG VALUES ('AN515-56-79U2 ', 5, 0, 0);
INSERT INTO KHOHANG VALUES ('AN515-56-79U2-I7', 5, 0, 0);
INSERT INTO KHOHANG VALUES ('AN515-56-79U2-I7-2', 5, 0, 0);
INSERT INTO KHOHANG VALUES ('AN515-57-71VV', 5, 0, 0);
INSERT INTO KHOHANG VALUES ('AN515-57-720A', 5, 0, 0);
INSERT INTO KHOHANG VALUES ('AN515-57-77KU', 5, 0, 0);
INSERT INTO KHOHANG VALUES ('PH315-54-74RU', 5, 0, 0);
INSERT INTO KHOHANG VALUES ('SF313-51-56UW', 5, 0, 0);
INSERT INTO KHOHANG VALUES ('SF314-43-R4X3', 5, 0, 0);
INSERT INTO KHOHANG VALUES ('SF314-510G-5742', 5, 0, 0);
INSERT INTO KHOHANG VALUES ('SF314-511-55QE', 5, 0, 0);
INSERT INTO KHOHANG VALUES ('TMP214-53-51CU', 5, 0, 0);
INSERT INTO KHOHANG VALUES ('TMP214-53-5571', 5, 0, 0);
INSERT INTO KHOHANG VALUES ('90NB0R41-M13130', 5, 0, 0);
INSERT INTO KHOHANG VALUES ('90NB0RZ1-M13140', 5, 0, 0);
INSERT INTO KHOHANG VALUES ('90NB0RZ2-M12520', 5, 0, 0);
INSERT INTO KHOHANG VALUES ('90NB0RZ2-M17940', 5, 0, 0);
INSERT INTO KHOHANG VALUES ('90NB0S41-M05030', 5, 0, 0);
INSERT INTO KHOHANG VALUES ('90NB0S41-M05040', 5, 0, 0);
INSERT INTO KHOHANG VALUES ('90NB0SG1-M17490', 5, 0, 0);
INSERT INTO KHOHANG VALUES ('90NB0SG1-M30830', 5, 0, 0);
INSERT INTO KHOHANG VALUES ('90NB0SG2-M34100', 5, 0, 0);
INSERT INTO KHOHANG VALUES ('90NB0SG2-M39200', 5, 0, 0);
INSERT INTO KHOHANG VALUES ('90NB0SJ2-M06470', 5, 0, 0);
INSERT INTO KHOHANG VALUES ('90NB0SJ2-M08000', 5, 0, 0);
INSERT INTO KHOHANG VALUES ('90NB0SL1-M001N0', 5, 0, 0);
INSERT INTO KHOHANG VALUES ('90NB0TP2-M03220', 5, 0, 0);
INSERT INTO KHOHANG VALUES ('90NB0TP2-M03450', 5, 0, 0);
INSERT INTO KHOHANG VALUES ('90NB0TT1-M15210', 5, 0, 0);
INSERT INTO KHOHANG VALUES ('90NB0TY2-M16620', 5, 0, 0);
INSERT INTO KHOHANG VALUES ('90NB0TZ2-M03840T', 5, 0, 0);
INSERT INTO KHOHANG VALUES ('90NB0VZ2-M00650', 5, 0, 0);
INSERT INTO KHOHANG VALUES ('90NR04G1-M00900', 5, 0, 0);
INSERT INTO KHOHANG VALUES ('90NR05R6-M01500', 5, 0, 0);
INSERT INTO KHOHANG VALUES ('90NR05R7-M02570', 5, 0, 0);
INSERT INTO KHOHANG VALUES ('90NR05X1-M06730', 5, 0, 0);
INSERT INTO KHOHANG VALUES ('90NR06F1-M00290', 5, 0, 0);
INSERT INTO KHOHANG VALUES ('90NR0723-M04140', 5, 0, 0);
INSERT INTO KHOHANG VALUES ('90NR0723-M07890', 5, 0, 0);
INSERT INTO KHOHANG VALUES ('90NR07P2-M00390', 5, 0, 0);
INSERT INTO KHOHANG VALUES ('90NX03R1-M05350', 5, 0, 0);
INSERT INTO KHOHANG VALUES ('90NX0SX1-M09760', 5, 0, 0);
INSERT INTO KHOHANG VALUES ('FX506LH-HN002T', 5, 0, 0);
INSERT INTO KHOHANG VALUES ('FX706HC-HX003T', 5, 0, 0);
INSERT INTO KHOHANG VALUES ('G533QR-HQ098T', 5, 0, 0);
INSERT INTO KHOHANG VALUES ('M3500QC-L1085T', 5, 0, 0);
INSERT INTO KHOHANG VALUES ('M3500QC-L1105T', 5, 0, 0);
INSERT INTO KHOHANG VALUES ('S433EA-AM885T', 5, 0, 0);
INSERT INTO KHOHANG VALUES ('S533EA-BN293T', 5, 0, 0);
INSERT INTO KHOHANG VALUES ('S533EQ-BN338T', 5, 0, 0);
INSERT INTO KHOHANG VALUES ('UX363EA- HP130T', 5, 0, 0);
INSERT INTO KHOHANG VALUES ('UX363EA- HP130T-I5', 5, 0, 0);
INSERT INTO KHOHANG VALUES ('UX363EA-HP726W', 5, 0, 0);
INSERT INTO KHOHANG VALUES ('0WT8R1', 5, 0, 0);
INSERT INTO KHOHANG VALUES ('3400-70253899', 5, 0, 0);
INSERT INTO KHOHANG VALUES ('3510-7T2YC1', 5, 0, 0);
INSERT INTO KHOHANG VALUES ('5511-P105F006AGR', 5, 0, 0);
INSERT INTO KHOHANG VALUES ('5515-70266675', 5, 0, 0);
INSERT INTO KHOHANG VALUES ('70232602', 5, 0, 0);
INSERT INTO KHOHANG VALUES ('70232602-I5', 5, 0, 0);
INSERT INTO KHOHANG VALUES ('7023601', 5, 0, 0);
INSERT INTO KHOHANG VALUES ('70251596', 5, 0, 0);
INSERT INTO KHOHANG VALUES ('70251603', 5, 0, 0);
INSERT INTO KHOHANG VALUES ('70253901', 5, 0, 0);
INSERT INTO KHOHANG VALUES ('70262929', 5, 0, 0);
INSERT INTO KHOHANG VALUES ('70262931', 5, 0, 0);
INSERT INTO KHOHANG VALUES ('DDXGD1', 5, 0, 0);
INSERT INTO KHOHANG VALUES ('G7500A', 5, 0, 0);
INSERT INTO KHOHANG VALUES ('JGNH62', 5, 0, 0);
INSERT INTO KHOHANG VALUES ('L3420I5SSD', 5, 0, 0);
INSERT INTO KHOHANG VALUES ('N4I5147W', 5, 0, 0);
INSERT INTO KHOHANG VALUES ('N5R74700U', 5, 0, 0);
INSERT INTO KHOHANG VALUES ('P106F003ASL', 5, 0, 0);
INSERT INTO KHOHANG VALUES ('P109F001BBL', 5, 0, 0);
INSERT INTO KHOHANG VALUES ('P112F001ABL', 5, 0, 0);
INSERT INTO KHOHANG VALUES ('P112F001BBL', 5, 0, 0);
INSERT INTO KHOHANG VALUES ('V4I5214W', 5, 0, 0);
INSERT INTO KHOHANG VALUES ('V4R53500U001W', 5, 0, 0);
INSERT INTO KHOHANG VALUES ('51S1121SH', 5, 0, 0);
INSERT INTO KHOHANG VALUES ('51S1123SH', 5, 0, 0);
INSERT INTO KHOHANG VALUES ('51S1123SH-G5', 5, 0, 0);
INSERT INTO KHOHANG VALUES ('51S1123SH-I7', 5, 0, 0);
INSERT INTO KHOHANG VALUES ('5S11130SH', 5, 0, 0);
INSERT INTO KHOHANG VALUES ('G5 KC-5S11130SB', 5, 0, 0);
INSERT INTO KHOHANG VALUES ('KD-72S1223GH', 5, 0, 0);
INSERT INTO KHOHANG VALUES ('UD-70S1823SO', 5, 0, 0);
INSERT INTO KHOHANG VALUES ('230L5PA', 5, 0, 0);
INSERT INTO KHOHANG VALUES ('2H0W5PA', 5, 0, 0);
INSERT INTO KHOHANG VALUES ('2H0W6PA', 5, 0, 0);
INSERT INTO KHOHANG VALUES ('2Z6J6PA', 5, 0, 0);
INSERT INTO KHOHANG VALUES ('3D0E8PA ', 5, 0, 0);
INSERT INTO KHOHANG VALUES ('440-2H0Y1PA', 5, 0, 0);
INSERT INTO KHOHANG VALUES ('450-2H0Y1PA', 5, 0, 0);
INSERT INTO KHOHANG VALUES ('5ZU71PA ', 5, 0, 0);
INSERT INTO KHOHANG VALUES ('9LA54PA', 5, 0, 0);
INSERT INTO KHOHANG VALUES ('A0109TX', 5, 0, 0);
INSERT INTO KHOHANG VALUES ('AR0072AU', 5, 0, 0);
INSERT INTO KHOHANG VALUES ('AY0069AU', 5, 0, 0);
INSERT INTO KHOHANG VALUES ('B0142TX', 5, 0, 0);
INSERT INTO KHOHANG VALUES ('BA0047TU', 5, 0, 0);
INSERT INTO KHOHANG VALUES ('BA1028TU', 5, 0, 0);
INSERT INTO KHOHANG VALUES ('BA1030TU-I7', 5, 0, 0);
INSERT INTO KHOHANG VALUES ('BA1031TU', 5, 0, 0);
INSERT INTO KHOHANG VALUES ('BA1534TU', 5, 0, 0);
INSERT INTO KHOHANG VALUES ('D0200TX', 5, 0, 0);
INSERT INTO KHOHANG VALUES ('DH0172TX', 5, 0, 0);
INSERT INTO KHOHANG VALUES ('DK1075TX', 5, 0, 0);
INSERT INTO KHOHANG VALUES ('DK1086TX', 5, 0, 0);
INSERT INTO KHOHANG VALUES ('DK1086TX-I7', 5, 0, 0);
INSERT INTO KHOHANG VALUES ('DK1159TX', 5, 0, 0);
INSERT INTO KHOHANG VALUES ('EG0007TX ', 5, 0, 0);
INSERT INTO KHOHANG VALUES ('QWT-00001', 5, 0, 0);
INSERT INTO KHOHANG VALUES ('QWT-00002', 5, 0, 0);
INSERT INTO KHOHANG VALUES ('10SC-014VN', 5, 0, 0);
INSERT INTO KHOHANG VALUES ('10SC-020VN', 5, 0, 0);
INSERT INTO KHOHANG VALUES ('10UE-604VN', 5, 0, 0);
INSERT INTO KHOHANG VALUES ('11UC', 5, 0, 0);
INSERT INTO KHOHANG VALUES ('11UC-096VN', 5, 0, 0);
INSERT INTO KHOHANG VALUES ('11UDK-255VN', 5, 0, 0);
INSERT INTO KHOHANG VALUES ('11UEK-048VN', 5, 0, 0);
INSERT INTO KHOHANG VALUES ('11UG-210VN', 5, 0, 0);
INSERT INTO KHOHANG VALUES ('11UG-280VN', 5, 0, 0);
INSERT INTO KHOHANG VALUES ('11UH-211VN', 5, 0, 0);
INSERT INTO KHOHANG VALUES ('242VN-GL65', 5, 0, 0);
INSERT INTO KHOHANG VALUES ('4719072674250', 5, 0, 0);
INSERT INTO KHOHANG VALUES ('9SG', 5, 0, 0);
INSERT INTO KHOHANG VALUES ('A10M', 5, 0, 0);
INSERT INTO KHOHANG VALUES ('A10OGH-447VN', 5, 0, 0);
INSERT INTO KHOHANG VALUES ('A10SDT-483VN', 5, 0, 0);
INSERT INTO KHOHANG VALUES ('A10UET-447VN', 5, 0, 0);
INSERT INTO KHOHANG VALUES ('A11MT-211VN', 5, 0, 0);
INSERT INTO KHOHANG VALUES ('A11SC-037VN', 5, 0, 0);
INSERT INTO KHOHANG VALUES ('A11SDK', 5, 0, 0);
INSERT INTO KHOHANG VALUES ('A11UET-218VN', 5, 0, 0);
INSERT INTO KHOHANG VALUES ('A5M-047VN', 5, 0, 0);
INSERT INTO KHOHANG VALUES ('B11SB-625VN', 5, 0, 0);
INSERT INTO KHOHANG VALUES ('B11SBU', 5, 0, 0);
INSERT INTO KHOHANG VALUES ('B11UG-601VN', 5, 0, 0);

--THEM THONG TIN CTHD
INSERT INTO CTHD VALUES ('HD01', '5515-K4Y9X1', 5);
INSERT INTO CTHD VALUES ('HD01', '668VN', 2);
INSERT INTO CTHD VALUES ('HD01', 'SP314-51-51LE', 2);
INSERT INTO CTHD VALUES ('HD01', '9SD-1409VN', 5);
INSERT INTO CTHD VALUES ('HD02', 'SP314-51-51LE', 3);
INSERT INTO CTHD VALUES ('HD02', 'G533QR-HQ099T', 1);
INSERT INTO CTHD VALUES ('HD02', '82JD0046VN', 4);
INSERT INTO CTHD VALUES ('HD02', 'SP314-51-51LE', 5);
INSERT INTO CTHD VALUES ('HD03', 'FX506HCB-HN139T', 1);
INSERT INTO CTHD VALUES ('HD03', 'G533QR-HQ099T', 3);
INSERT INTO CTHD VALUES ('HD03', '82D1004JVN', 10);
INSERT INTO CTHD VALUES ('HD04', 'A315-56-37DV', 2)
INSERT INTO CTHD VALUES ('HD04', 'UX363EA-HP130T', 9)
INSERT INTO CTHD VALUES ('HD05', '82JD0046VN', 1)
INSERT INTO CTHD VALUES ('HD05', 'A315-57G-524Z', 2)
INSERT INTO CTHD VALUES ('HD06', '82D1004JVN', 9)
INSERT INTO CTHD VALUES ('HD07', '82JD0046VN', 6)
INSERT INTO CTHD VALUES ('HD07', '82JD0046VN', 1)
INSERT INTO CTHD VALUES ('HD08', 'L3420I5SSD', 5)
INSERT INTO CTHD VALUES ('HD08', 'A315-56-37DV', 1)
INSERT INTO CTHD VALUES ('HD08', 'A315-57G-524Z', 1)
INSERT INTO CTHD VALUES ('HD08', 'UX363EA-HP130T', 8)
INSERT INTO CTHD VALUES ('HD09', '82D1004JVN', 10)
INSERT INTO CTHD VALUES ('HD09', 'UX363EA-HP130T', 3)
INSERT INTO CTHD VALUES ('HD10', 'L3420I5SSD', 2)
INSERT INTO CTHD VALUES ('HD10', '82L50097VN', 8)
INSERT INTO CTHD VALUES ('HD10', 'FX506HCB-HN139T', 30);

INSERT INTO CTHD VALUES ('HD04', 'GA401QH-HZ035T', 5)
INSERT INTO CTHD VALUES ('HD05', 'M3401QA-KM040T', 7)
INSERT INTO CTHD VALUES ('HD05', 'M3401QA-KM040T', 1)
INSERT INTO CTHD VALUES ('HD06', 'G533QR-HQ099T', 6)
INSERT INTO CTHD VALUES ('HD06', 'M3401QA-KM040T', 1)
INSERT INTO CTHD VALUES ('HD07', 'G533QR-HQ099T', 1)
INSERT INTO CTHD VALUES ('HD07', 'G533QR-HQ099T', 1)
INSERT INTO CTHD VALUES ('HD09', 'G533QR-HQ099T', 2)
INSERT INTO CTHD VALUES ('HD09', '9SD-1409VN', 5)
INSERT INTO CTHD VALUES ('HD10', 'G533QR-HQ099T', 1)
INSERT INTO CTHD VALUES ('HD10', 'A315-57G-524Z', 5)
INSERT INTO CTHD VALUES ('HD04', 'M3401QA-KM040T', 1)
INSERT INTO CTHD VALUES ('HD10', 'GA401QH-HZ035T', 1);
INSERT INTO CTHD VALUES ('HD03', 'GA401QH-HZ035T', 1);

---------------------------------------------END INSERT DATA------------------------------------------------------

SELECT * FROM THONGTINLAPTOP  JOIN HANGSX  ON THONGTINLAPTOP.HANG = HANGSX.TENHANG GROUP BY HANG ORDER BY THONGTINLAPTOP.GIABAN DESC LIMIT 4;
SELECT DISTINCT MAU FROM THONGTINLAPTOP
SELECT DISTINCT TENHANG, QUOCGIA, POSTER, LOGOVUONG, LOGONGANG, SLOGAN FROM HANGSX LEFT JOIN THONGTINLAPTOP ON HANG = TENHANG ORDER BY THONGTINLAPTOP.GIABAN DESC
SELECT * FROM THONGTINLAPTOP